week,coef,n_obs,r2,model,horizon
2022-01-09,0.003613684206027712,43,0.007298116947675348,Model1_attention_only,future_1w_excess_return
2022-01-16,0.007169787810327597,43,0.03671294466559705,Model1_attention_only,future_1w_excess_return
2022-01-23,-0.002795994452980873,43,0.003377326011413273,Model1_attention_only,future_1w_excess_return
2022-01-30,0.0018671786847729336,43,0.0021580764387651996,Model1_attention_only,future_1w_excess_return
2022-02-06,0.0007079841030150078,43,0.00020905975545215671,Model1_attention_only,future_1w_excess_return
2022-02-13,0.0003831443013890025,43,0.00015162942847568583,Model1_attention_only,future_1w_excess_return
2022-02-20,0.000822503160825109,44,0.002083027597589604,Model1_attention_only,future_1w_excess_return
2022-02-27,-0.0037945946876139225,44,0.006213336267524294,Model1_attention_only,future_1w_excess_return
2022-03-06,0.0011387543779980843,44,0.0011038095038147233,Model1_attention_only,future_1w_excess_return
2022-03-13,9.451970757800133e-05,44,2.1063345243543807e-06,Model1_attention_only,future_1w_excess_return
2022-03-20,0.007387702116973127,44,0.04515338817544978,Model1_attention_only,future_1w_excess_return
2022-03-27,0.005325866474309323,44,0.010010826992283173,Model1_attention_only,future_1w_excess_return
2022-04-03,0.0004189521930082604,44,0.00016854218617023964,Model1_attention_only,future_1w_excess_return
2022-04-10,-0.006927804335942241,44,0.057877622014089525,Model1_attention_only,future_1w_excess_return
2022-04-17,0.0030054151693367183,44,0.0072613012055066095,Model1_attention_only,future_1w_excess_return
2022-04-24,0.003355481205571662,44,0.00590008160104305,Model1_attention_only,future_1w_excess_return
2022-05-01,-0.01044153563154285,44,0.07319177250103714,Model1_attention_only,future_1w_excess_return
2022-05-08,0.0017140352369869889,44,0.0006247444978875194,Model1_attention_only,future_1w_excess_return
2022-05-15,-0.025343325468848363,44,0.17687158477347098,Model1_attention_only,future_1w_excess_return
2022-05-22,0.008232334103392308,44,0.073164574284035,Model1_attention_only,future_1w_excess_return
2022-05-29,-0.005425160419234667,44,0.040092268335994885,Model1_attention_only,future_1w_excess_return
2022-06-05,0.01588552820491626,44,0.1369213822000137,Model1_attention_only,future_1w_excess_return
2022-06-12,-0.0037162153140557464,44,0.0016559559469460083,Model1_attention_only,future_1w_excess_return
2022-06-19,0.015672016716175123,44,0.03266151912168325,Model1_attention_only,future_1w_excess_return
2022-06-26,-0.00416399944631863,44,0.002767747534915377,Model1_attention_only,future_1w_excess_return
2022-07-03,-0.005519510174404407,44,0.003963957299057408,Model1_attention_only,future_1w_excess_return
2022-07-10,0.0014187532586754446,44,0.0006735714960264261,Model1_attention_only,future_1w_excess_return
2022-07-17,0.0007542317039965557,46,0.001717502182241315,Model1_attention_only,future_1w_excess_return
2022-07-24,-0.0008467229783496592,46,0.00044470351672287745,Model1_attention_only,future_1w_excess_return
2022-07-31,0.007899288359424557,46,0.07770230276214585,Model1_attention_only,future_1w_excess_return
2022-08-07,0.013153279358177708,46,0.06010645636588918,Model1_attention_only,future_1w_excess_return
2022-08-14,0.003421754620301417,46,0.01433530254982851,Model1_attention_only,future_1w_excess_return
2022-08-21,0.008311011406972487,46,0.04189030413374728,Model1_attention_only,future_1w_excess_return
2022-08-28,0.002380983661872601,46,0.0022209300474734794,Model1_attention_only,future_1w_excess_return
2022-09-04,-0.017829187667458342,46,0.006796487829793363,Model1_attention_only,future_1w_excess_return
2022-09-11,-0.003008454510965698,46,0.004005445916119399,Model1_attention_only,future_1w_excess_return
2022-09-18,0.02412743973451724,46,0.1506361938219467,Model1_attention_only,future_1w_excess_return
2022-09-25,-0.00499427742866204,46,0.00511183105842028,Model1_attention_only,future_1w_excess_return
2022-10-02,-0.005667213242328909,47,0.033502759622674794,Model1_attention_only,future_1w_excess_return
2022-10-09,-0.019635788544501567,47,0.05269705108156175,Model1_attention_only,future_1w_excess_return
2022-10-16,-0.011637551424857036,47,0.036108658070617916,Model1_attention_only,future_1w_excess_return
2022-10-23,0.009044752089039078,47,0.031460503352202296,Model1_attention_only,future_1w_excess_return
2022-10-30,-0.012096243896587474,47,0.033946434277981385,Model1_attention_only,future_1w_excess_return
2022-11-06,0.005806982086698273,47,0.0073632725826047185,Model1_attention_only,future_1w_excess_return
2022-11-13,-0.0008463950920629272,47,0.0006155333717680067,Model1_attention_only,future_1w_excess_return
2022-11-20,-0.0015732506910259506,47,0.0020976713796697632,Model1_attention_only,future_1w_excess_return
2022-11-27,0.004979743398353731,47,0.02073121971750691,Model1_attention_only,future_1w_excess_return
2022-12-04,-0.009572053765082118,47,0.024449541406400987,Model1_attention_only,future_1w_excess_return
2022-12-11,0.003954290219009611,48,0.019901778352247934,Model1_attention_only,future_1w_excess_return
2022-12-18,-0.007934244227531256,48,0.019225126095300138,Model1_attention_only,future_1w_excess_return
2022-12-25,0.000606864539386718,47,0.00035788155928173637,Model1_attention_only,future_1w_excess_return
2023-01-01,0.0019405520734171533,47,0.0015461263210918563,Model1_attention_only,future_1w_excess_return
2023-01-08,-6.367067684284507e-05,47,1.6154137568724636e-06,Model1_attention_only,future_1w_excess_return
2023-01-15,-0.009726922022366202,47,0.09072559636535804,Model1_attention_only,future_1w_excess_return
2023-01-22,0.00744762882751927,47,0.0796685094737658,Model1_attention_only,future_1w_excess_return
2023-01-29,0.006537258854522671,47,0.033660896352130876,Model1_attention_only,future_1w_excess_return
2023-02-05,0.00269489017894648,47,0.015023251378761149,Model1_attention_only,future_1w_excess_return
2023-02-12,-0.0007754345628093994,47,0.0003349012834606979,Model1_attention_only,future_1w_excess_return
2023-02-19,-0.00470198893207902,48,0.0201671542742351,Model1_attention_only,future_1w_excess_return
2023-02-26,-0.006675222294233509,48,0.01625628633850329,Model1_attention_only,future_1w_excess_return
2023-03-05,-0.0017056465761263794,48,0.004439602826907474,Model1_attention_only,future_1w_excess_return
2023-03-12,0.021487137491987208,48,0.07954307070362077,Model1_attention_only,future_1w_excess_return
2023-03-19,-0.0037512004751376693,48,0.0036510300004669594,Model1_attention_only,future_1w_excess_return
2023-03-26,0.0014046517462616725,48,0.002849676055794337,Model1_attention_only,future_1w_excess_return
2023-04-02,-0.001944060421476213,48,0.0034797303720749406,Model1_attention_only,future_1w_excess_return
2023-04-09,-0.0030610611736675785,48,0.019170601533856857,Model1_attention_only,future_1w_excess_return
2023-04-16,-0.0013330748837375448,48,0.0020485530608973512,Model1_attention_only,future_1w_excess_return
2023-04-23,0.012454039584321694,48,0.15938486931002804,Model1_attention_only,future_1w_excess_return
2023-04-30,0.005857160815156672,48,0.029497146417441833,Model1_attention_only,future_1w_excess_return
2023-05-07,-0.0026354713033946912,48,0.005187647991083066,Model1_attention_only,future_1w_excess_return
2023-05-14,-0.0009440864052615976,48,0.00032764726411183,Model1_attention_only,future_1w_excess_return
2023-05-21,0.019273564033609376,48,0.07230011958338234,Model1_attention_only,future_1w_excess_return
2023-05-28,0.011119792195438218,48,0.162858685114745,Model1_attention_only,future_1w_excess_return
2023-06-04,0.004189416714440629,49,0.023574873836347043,Model1_attention_only,future_1w_excess_return
2023-06-11,0.020318019798753664,49,0.13396639678131084,Model1_attention_only,future_1w_excess_return
2023-06-18,-0.0029236514161212115,49,0.0024819131869052713,Model1_attention_only,future_1w_excess_return
2023-06-25,0.0039501747989101835,49,0.007666366501668076,Model1_attention_only,future_1w_excess_return
2023-07-02,0.0033734760079190537,49,0.014985562700486899,Model1_attention_only,future_1w_excess_return
2023-07-09,0.04769963189566985,49,0.32738343883155985,Model1_attention_only,future_1w_excess_return
2023-07-16,0.014319961287577248,48,0.043615293725029036,Model1_attention_only,future_1w_excess_return
2023-07-23,-0.01898159001649795,48,0.22756319290846239,Model1_attention_only,future_1w_excess_return
2023-07-30,-0.000678014529782312,48,0.0007572520988173848,Model1_attention_only,future_1w_excess_return
2023-08-06,-0.010364060311477094,48,0.1190121900088017,Model1_attention_only,future_1w_excess_return
2023-08-13,0.022579947284148773,48,0.197952016059469,Model1_attention_only,future_1w_excess_return
2023-08-20,-0.013658179303614003,48,0.11311484326692867,Model1_attention_only,future_1w_excess_return
2023-08-27,0.0007339938083582782,48,0.0012593599131884847,Model1_attention_only,future_1w_excess_return
2023-09-03,-0.00997882479343572,48,0.17549040211940936,Model1_attention_only,future_1w_excess_return
2023-09-10,-0.01550732669669581,48,0.19009032883726973,Model1_attention_only,future_1w_excess_return
2023-09-17,0.006608643373615848,48,0.0444395916829603,Model1_attention_only,future_1w_excess_return
2023-09-24,0.0034285726651960267,48,0.007600652784406248,Model1_attention_only,future_1w_excess_return
2023-10-01,0.0011061940892173698,48,0.0006711240704030397,Model1_attention_only,future_1w_excess_return
2023-10-08,-0.020340137308715336,48,0.08981214943882043,Model1_attention_only,future_1w_excess_return
2023-10-15,-0.00743743059707387,47,0.05019484835827204,Model1_attention_only,future_1w_excess_return
2023-10-22,-0.0008332344290587889,47,0.000648410431969948,Model1_attention_only,future_1w_excess_return
2023-10-29,0.008201831743571879,47,0.051957765750483054,Model1_attention_only,future_1w_excess_return
2023-11-05,0.01661754945128326,47,0.12760746887669616,Model1_attention_only,future_1w_excess_return
2023-11-12,0.005720426780239114,47,0.02213499950286224,Model1_attention_only,future_1w_excess_return
2023-11-19,-0.0052184606129240425,47,0.01712509585646982,Model1_attention_only,future_1w_excess_return
2023-11-26,-0.0029591998505491854,47,0.01302213459005086,Model1_attention_only,future_1w_excess_return
2023-12-03,0.0024767207036395077,47,0.011771652981539038,Model1_attention_only,future_1w_excess_return
2023-12-10,-0.0127394352710721,47,0.0705660265502227,Model1_attention_only,future_1w_excess_return
2023-12-17,0.00023928392524784087,48,7.456858725074511e-05,Model1_attention_only,future_1w_excess_return
2023-12-24,-0.016673598698993847,48,0.4099747468804148,Model1_attention_only,future_1w_excess_return
2023-12-31,-0.0030879178834936267,48,0.009710078952308687,Model1_attention_only,future_1w_excess_return
2024-01-07,-0.009514938068733384,48,0.04688633548721466,Model1_attention_only,future_1w_excess_return
2024-01-14,0.031010799523491686,48,0.114208873323282,Model1_attention_only,future_1w_excess_return
2024-01-21,-0.006894963087770939,48,0.05810547287553003,Model1_attention_only,future_1w_excess_return
2024-01-28,-0.0012798796383071463,49,0.0009536436446709873,Model1_attention_only,future_1w_excess_return
2024-02-04,-0.00318450050420771,49,0.006023717850102472,Model1_attention_only,future_1w_excess_return
2024-02-11,-0.005631799128770682,49,0.0065001996360340986,Model1_attention_only,future_1w_excess_return
2024-02-18,0.0018150129361152476,49,0.002080831691695706,Model1_attention_only,future_1w_excess_return
2024-02-25,0.0024184916166166102,49,0.004625634292853009,Model1_attention_only,future_1w_excess_return
2024-03-03,0.008140523785036486,49,0.04073714635615544,Model1_attention_only,future_1w_excess_return
2024-03-10,-0.012999669754636754,49,0.058816643553952774,Model1_attention_only,future_1w_excess_return
2024-03-17,-0.0016205854274176604,49,0.0018806922227203593,Model1_attention_only,future_1w_excess_return
2024-03-24,0.002939284341432422,49,0.005012856435221313,Model1_attention_only,future_1w_excess_return
2024-03-31,-0.001637968781956087,49,0.0029945482372776278,Model1_attention_only,future_1w_excess_return
2024-04-07,-0.020409551845370726,49,0.15537661736733976,Model1_attention_only,future_1w_excess_return
2024-04-14,0.0008416466806967236,49,0.0002607299406841568,Model1_attention_only,future_1w_excess_return
2024-04-21,-0.007401629396862617,49,0.04533208004168787,Model1_attention_only,future_1w_excess_return
2024-04-28,0.0007328842705796076,49,0.0004624969871364071,Model1_attention_only,future_1w_excess_return
2024-05-05,-0.016723678705411592,49,0.028584283737158267,Model1_attention_only,future_1w_excess_return
2024-05-12,0.016444633175719175,49,0.11328954296760141,Model1_attention_only,future_1w_excess_return
2024-05-19,0.014429789547829123,49,0.07430421069414928,Model1_attention_only,future_1w_excess_return
2024-05-26,0.0020362020796354766,49,0.008845887470202651,Model1_attention_only,future_1w_excess_return
2024-06-02,0.0006080055366637212,48,0.0002528179521122942,Model1_attention_only,future_1w_excess_return
2024-06-09,0.0023269136885292713,48,0.0032070374716036687,Model1_attention_only,future_1w_excess_return
2024-06-16,0.00036750211258807105,48,0.00014396174034525533,Model1_attention_only,future_1w_excess_return
2024-06-23,-0.0016558235919232366,49,0.008407950401413733,Model1_attention_only,future_1w_excess_return
2024-06-30,-0.005517583739573782,49,0.018156808388327672,Model1_attention_only,future_1w_excess_return
2024-07-07,0.0044278030053327005,49,0.01502763323538625,Model1_attention_only,future_1w_excess_return
2024-07-14,-0.00393221255373653,49,0.006355506851246084,Model1_attention_only,future_1w_excess_return
2024-07-21,0.005591940285096552,49,0.024291991420627657,Model1_attention_only,future_1w_excess_return
2024-07-28,-0.012417222608013277,49,0.06721211853410969,Model1_attention_only,future_1w_excess_return
2024-08-04,-0.0011003875278778675,49,0.000328313059813512,Model1_attention_only,future_1w_excess_return
2024-08-11,-0.002839583478863201,49,0.004334337728602589,Model1_attention_only,future_1w_excess_return
2024-08-18,0.0005346473855127594,50,0.000993999980493654,Model1_attention_only,future_1w_excess_return
2024-08-25,-0.0017892400656995542,50,0.00478999372236244,Model1_attention_only,future_1w_excess_return
2024-09-01,-0.0021369067409510245,50,0.0027304953056125347,Model1_attention_only,future_1w_excess_return
2024-09-08,-0.0021168644559058053,50,0.003487044353918334,Model1_attention_only,future_1w_excess_return
2024-09-15,0.0055624300628051935,50,0.028492033339735157,Model1_attention_only,future_1w_excess_return
2024-09-22,0.008270793827157124,49,0.02130245824050203,Model1_attention_only,future_1w_excess_return
2024-09-29,0.004041632183298936,49,0.010280879716472069,Model1_attention_only,future_1w_excess_return
2024-10-06,0.00023890184481224498,49,1.937128437801139e-05,Model1_attention_only,future_1w_excess_return
2024-10-13,0.0004599073971386251,49,0.00011187405236212644,Model1_attention_only,future_1w_excess_return
2024-10-20,-0.0026471030168168258,49,0.004516637885572217,Model1_attention_only,future_1w_excess_return
2024-10-27,0.014633189110835602,49,0.09869119287880912,Model1_attention_only,future_1w_excess_return
2024-11-03,-0.003391916557317427,49,0.005117917818582285,Model1_attention_only,future_1w_excess_return
2024-11-10,-0.00893545488333398,49,0.03498357051603118,Model1_attention_only,future_1w_excess_return
2024-11-17,0.006259401624054475,49,0.019247642495159645,Model1_attention_only,future_1w_excess_return
2024-11-24,-0.0006875747135710238,49,0.00014275265421792582,Model1_attention_only,future_1w_excess_return
2024-12-01,-0.007529550493528353,49,0.012354902806222867,Model1_attention_only,future_1w_excess_return
2024-12-08,-0.010988591066213279,49,0.012988811814208967,Model1_attention_only,future_1w_excess_return
2024-12-15,2.6185663440392364e-06,49,6.0582420191579445e-09,Model1_attention_only,future_1w_excess_return
2024-12-22,-0.01205481493477049,49,0.14723198274410543,Model1_attention_only,future_1w_excess_return
2024-12-29,0.0034703090934766886,49,0.009911425637453952,Model1_attention_only,future_1w_excess_return
2025-01-05,0.006678454257967132,49,0.01702950629914446,Model1_attention_only,future_1w_excess_return
2025-01-12,0.010748738746447217,49,0.033629563261318385,Model1_attention_only,future_1w_excess_return
2025-01-19,-0.004331434174785568,49,0.008954407994717362,Model1_attention_only,future_1w_excess_return
2025-01-26,-0.010763005983816888,49,0.035639359187881636,Model1_attention_only,future_1w_excess_return
2025-02-02,0.00039574909488777264,49,4.492052855997741e-05,Model1_attention_only,future_1w_excess_return
2025-02-09,-0.014542618518095718,49,0.05355473715306258,Model1_attention_only,future_1w_excess_return
2025-02-16,-0.00039267795728587315,49,0.00015826864972834365,Model1_attention_only,future_1w_excess_return
2025-02-23,-0.005131061467902322,49,0.015098772706041985,Model1_attention_only,future_1w_excess_return
2025-03-02,-0.0033161855491191977,49,0.009725610638379734,Model1_attention_only,future_1w_excess_return
2025-03-09,0.0034961790662866544,49,0.01106268492552065,Model1_attention_only,future_1w_excess_return
2025-03-16,0.002435746691534395,49,0.006962554619522665,Model1_attention_only,future_1w_excess_return
2025-03-23,-0.006963338457642959,49,0.023112246764349864,Model1_attention_only,future_1w_excess_return
2025-03-30,0.0031728531056201825,49,0.012248594286715542,Model1_attention_only,future_1w_excess_return
2025-04-06,-0.02195928460990065,49,0.09985167626708902,Model1_attention_only,future_1w_excess_return
2025-04-13,0.0007241458208928533,49,0.0002817443122180574,Model1_attention_only,future_1w_excess_return
2025-04-20,-0.006942159685118262,48,0.06709092389905713,Model1_attention_only,future_1w_excess_return
2025-04-27,-0.005518504821363821,48,0.020215203294323247,Model1_attention_only,future_1w_excess_return
2025-05-04,0.0016239655078003324,48,0.0018195915024080689,Model1_attention_only,future_1w_excess_return
2025-05-11,0.005082754125456805,48,0.0031891865681560327,Model1_attention_only,future_1w_excess_return
2025-05-18,0.0002248484713021728,49,7.454456737432391e-05,Model1_attention_only,future_1w_excess_return
2025-05-25,0.011537190834507249,49,0.07968593906896337,Model1_attention_only,future_1w_excess_return
2025-06-01,-0.007676045789197015,49,0.016202743169089096,Model1_attention_only,future_1w_excess_return
2025-06-08,0.005069227712387946,49,0.019065299412036496,Model1_attention_only,future_1w_excess_return
2025-06-15,0.017990796508384716,49,0.1201869196152957,Model1_attention_only,future_1w_excess_return
2025-06-22,-0.005987056561646063,49,0.00945175557901412,Model1_attention_only,future_1w_excess_return
2025-06-29,-0.015780232894164827,49,0.1712045097496001,Model1_attention_only,future_1w_excess_return
2025-07-06,-0.015546100665990948,48,0.08896072889548312,Model1_attention_only,future_1w_excess_return
2025-07-13,-0.001479582319375989,48,0.00034590232492348605,Model1_attention_only,future_1w_excess_return
2025-07-20,-0.0034108961779443863,49,0.00841849522731175,Model1_attention_only,future_1w_excess_return
2025-07-27,0.016338864294951152,49,0.0899360296204047,Model1_attention_only,future_1w_excess_return
2025-08-03,0.02111653234387473,49,0.05930540151096131,Model1_attention_only,future_1w_excess_return
2025-08-10,0.023778867366235305,49,0.028541233896138496,Model1_attention_only,future_1w_excess_return
2025-08-17,-0.007088359816677886,49,0.05246704093357735,Model1_attention_only,future_1w_excess_return
2025-08-24,0.010360790505046666,49,0.09530006548045955,Model1_attention_only,future_1w_excess_return
2025-08-31,0.0010222945068317421,49,0.0004928728159002693,Model1_attention_only,future_1w_excess_return
2025-09-07,0.03162412998451517,49,0.2608455665539131,Model1_attention_only,future_1w_excess_return
2025-09-14,0.009465523221807777,49,0.01705493909899336,Model1_attention_only,future_1w_excess_return
2025-09-21,-0.005015543658945027,49,0.026703047347190756,Model1_attention_only,future_1w_excess_return
2025-09-28,0.026485826947484536,49,0.3206183583096599,Model1_attention_only,future_1w_excess_return
2025-10-05,-0.010311898594812359,49,0.10586120668606946,Model1_attention_only,future_1w_excess_return
2025-10-12,0.007532854704950923,49,0.04886148126652745,Model1_attention_only,future_1w_excess_return
2025-10-19,0.033442315071749794,49,0.5509625067989667,Model1_attention_only,future_1w_excess_return
2025-10-26,0.010940209553208463,49,0.027275899683425697,Model1_attention_only,future_1w_excess_return
2025-11-02,0.01761284734805048,49,0.13970465519973496,Model1_attention_only,future_1w_excess_return
2025-11-09,-0.0038421600939145964,49,0.008173965339824174,Model1_attention_only,future_1w_excess_return
2025-11-16,-0.01576491634044928,49,0.13280532940654644,Model1_attention_only,future_1w_excess_return
2025-11-23,0.0006420055794870109,49,0.00023705770138171545,Model1_attention_only,future_1w_excess_return
2025-11-30,0.01015733050524071,49,0.0858026307538664,Model1_attention_only,future_1w_excess_return
2025-12-07,0.0007610621823986863,49,0.00019589103826178622,Model1_attention_only,future_1w_excess_return
2025-12-14,0.001516232730444607,49,0.0013468874387712049,Model1_attention_only,future_1w_excess_return
2025-12-21,0.0007495451767109093,49,0.00048016994034516536,Model1_attention_only,future_1w_excess_return
2025-12-28,0.019363941093155618,49,0.04795687712061769,Model1_attention_only,future_1w_excess_return
2026-01-04,0.026769133981357583,49,0.11947145184299379,Model1_attention_only,future_1w_excess_return
2026-01-11,0.032864711941725654,49,0.17819367243848427,Model1_attention_only,future_1w_excess_return
2026-01-18,0.008140055090094276,49,0.0386480904651858,Model1_attention_only,future_1w_excess_return
2026-01-25,0.013556049235601669,49,0.08378902626366513,Model1_attention_only,future_1w_excess_return
2026-02-01,-0.0038616796869932754,49,0.009090380592274738,Model1_attention_only,future_1w_excess_return
2026-02-08,-0.003488289618719753,49,0.011597145536114684,Model1_attention_only,future_1w_excess_return
2026-02-15,-0.004364807309522809,49,0.0037685880968700847,Model1_attention_only,future_1w_excess_return
2026-02-22,-9.864414291840472e-05,49,1.815160417861783e-06,Model1_attention_only,future_1w_excess_return
2026-03-01,-0.00864990745131854,49,0.0174972599326092,Model1_attention_only,future_1w_excess_return
2026-03-08,0.03563183205203927,49,0.16250705860139758,Model1_attention_only,future_1w_excess_return
2026-03-15,-0.004336635670894288,49,0.0048145174036948735,Model1_attention_only,future_1w_excess_return
2026-03-22,0.009875840965574817,49,0.04297836637345431,Model1_attention_only,future_1w_excess_return
2026-03-29,0.008498928529635713,49,0.04288557969458018,Model1_attention_only,future_1w_excess_return
2026-04-05,0.029580320032553523,49,0.11699145381224707,Model1_attention_only,future_1w_excess_return
2026-04-12,-0.006297620563192643,49,0.004056180988994629,Model1_attention_only,future_1w_excess_return
2026-04-19,0.01953684864669717,49,0.03947747143439195,Model1_attention_only,future_1w_excess_return
2026-04-26,0.006220864324181451,50,0.022531010434553855,Model1_attention_only,future_1w_excess_return
2026-05-03,0.027137086370090168,50,0.07906765755014245,Model1_attention_only,future_1w_excess_return
2026-05-10,0.011514289058686074,50,0.01883078531621274,Model1_attention_only,future_1w_excess_return
2026-05-17,0.021634028977332704,49,0.08536977313544325,Model1_attention_only,future_1w_excess_return
2026-05-24,0.006210103737737798,49,0.006748259375388033,Model1_attention_only,future_1w_excess_return
2026-05-31,-0.014029781182684609,49,0.05003149645484606,Model1_attention_only,future_1w_excess_return
2026-06-07,0.0007313942444613445,49,0.00014395113474952037,Model1_attention_only,future_1w_excess_return
2026-06-14,0.0018447676356595057,49,0.0005942153683000662,Model1_attention_only,future_1w_excess_return
2026-06-21,-0.0040300983411155795,50,0.009007527714632535,Model1_attention_only,future_1w_excess_return
2026-06-28,-0.018333422330377897,50,0.06687356180101367,Model1_attention_only,future_1w_excess_return
2026-07-05,0.007291878046924471,50,0.01596335205789645,Model1_attention_only,future_1w_excess_return
2026-07-12,-0.0152289006453405,50,0.03135712063470486,Model1_attention_only,future_1w_excess_return
2026-07-19,0.006528609612380337,49,0.008252825756565607,Model1_attention_only,future_1w_excess_return
2022-01-09,0.014833739486669622,43,0.0744536812986395,Model1_attention_only,future_2w_excess_return
2022-01-16,-0.004464483005775747,43,0.00892913929765371,Model1_attention_only,future_2w_excess_return
2022-01-23,-0.002795994452980873,43,0.003377326011413273,Model1_attention_only,future_2w_excess_return
2022-01-30,-0.0040088138634044816,43,0.0031239125710125215,Model1_attention_only,future_2w_excess_return
2022-02-06,-0.005023731960954051,43,0.0033055853207578645,Model1_attention_only,future_2w_excess_return
2022-02-13,0.0031117705059875594,43,0.006584386791349761,Model1_attention_only,future_2w_excess_return
2022-02-20,0.000504801234811067,44,0.0002056540784644012,Model1_attention_only,future_2w_excess_return
2022-02-27,0.004522218366215722,44,0.0047910519719444045,Model1_attention_only,future_2w_excess_return
2022-03-06,0.012732478543049089,44,0.06728054044850063,Model1_attention_only,future_2w_excess_return
2022-03-13,0.012500579591779845,44,0.016351572248894386,Model1_attention_only,future_2w_excess_return
2022-03-20,0.013116369030975464,44,0.06168684591462137,Model1_attention_only,future_2w_excess_return
2022-03-27,0.011071354076320794,44,0.026877145084767795,Model1_attention_only,future_2w_excess_return
2022-04-03,-0.006232458027097289,44,0.03609739601347217,Model1_attention_only,future_2w_excess_return
2022-04-10,-0.003484579661986553,44,0.007083959746167157,Model1_attention_only,future_2w_excess_return
2022-04-17,0.0043839261056182605,44,0.012651227056319492,Model1_attention_only,future_2w_excess_return
2022-04-24,-0.0032622065327206433,44,0.0030535047289583783,Model1_attention_only,future_2w_excess_return
2022-05-01,-0.014697248392664992,44,0.04485759263060363,Model1_attention_only,future_2w_excess_return
2022-05-08,0.0001891962448201383,44,5.3073898822475485e-06,Model1_attention_only,future_2w_excess_return
2022-05-15,-0.02421473815061408,44,0.14932439786082663,Model1_attention_only,future_2w_excess_return
2022-05-22,-0.005511871550418548,44,0.012192845476530434,Model1_attention_only,future_2w_excess_return
2022-05-29,0.0015997203335158302,44,0.0007780290495273956,Model1_attention_only,future_2w_excess_return
2022-06-05,0.02168610030667712,44,0.10678589187158127,Model1_attention_only,future_2w_excess_return
2022-06-12,-0.0032201945953709917,44,0.0009205246500063602,Model1_attention_only,future_2w_excess_return
2022-06-19,0.003554857287406683,44,0.0005886809211024246,Model1_attention_only,future_2w_excess_return
2022-06-26,-0.017990861991656275,44,0.04027946937472149,Model1_attention_only,future_2w_excess_return
2022-07-03,0.0001407000857698566,44,1.2236870824411383e-06,Model1_attention_only,future_2w_excess_return
2022-07-10,-0.004995584865473311,44,0.007064783232131888,Model1_attention_only,future_2w_excess_return
2022-07-17,-0.0013323390474132152,46,0.002440453542533194,Model1_attention_only,future_2w_excess_return
2022-07-24,0.0029879293106215574,46,0.002992832311203064,Model1_attention_only,future_2w_excess_return
2022-07-31,0.013503612504601263,46,0.08907555985057847,Model1_attention_only,future_2w_excess_return
2022-08-07,0.017202243524877044,46,0.08567313865534965,Model1_attention_only,future_2w_excess_return
2022-08-14,0.005664779741442399,46,0.010281520951932688,Model1_attention_only,future_2w_excess_return
2022-08-21,0.010519419467139472,46,0.025823150478658352,Model1_attention_only,future_2w_excess_return
2022-08-28,-0.02988303570218321,46,0.021448579388977818,Model1_attention_only,future_2w_excess_return
2022-09-04,-0.014101464432707335,46,0.003978228071455758,Model1_attention_only,future_2w_excess_return
2022-09-11,0.0016054735997645083,46,0.0006597767479208372,Model1_attention_only,future_2w_excess_return
2022-09-18,0.020149302007202496,46,0.06221965615515135,Model1_attention_only,future_2w_excess_return
2022-09-25,-0.026450226126215542,46,0.07388700620477395,Model1_attention_only,future_2w_excess_return
2022-10-02,-0.020718248685836566,47,0.12883087667762283,Model1_attention_only,future_2w_excess_return
2022-10-09,-0.021139131942353295,47,0.02622096162123022,Model1_attention_only,future_2w_excess_return
2022-10-16,-0.0030114282547854506,47,0.002644747205362008,Model1_attention_only,future_2w_excess_return
2022-10-23,3.1174293126305843e-06,47,1.0084335588800286e-09,Model1_attention_only,future_2w_excess_return
2022-10-30,-0.01707135547864333,47,0.029487842591776503,Model1_attention_only,future_2w_excess_return
2022-11-06,0.025790823691267728,47,0.07504048987933276,Model1_attention_only,future_2w_excess_return
2022-11-13,-0.0022601783402290783,47,0.004284482311875171,Model1_attention_only,future_2w_excess_return
2022-11-20,-0.00740081846210927,47,0.014898407353134635,Model1_attention_only,future_2w_excess_return
2022-11-27,0.009683934975721608,47,0.06233184699877081,Model1_attention_only,future_2w_excess_return
2022-12-04,-0.026596948100719095,47,0.0768151592154267,Model1_attention_only,future_2w_excess_return
2022-12-11,0.003986036653618863,48,0.007702027914421761,Model1_attention_only,future_2w_excess_return
2022-12-18,-0.005224976815665623,48,0.009793360983510468,Model1_attention_only,future_2w_excess_return
2022-12-25,0.003759602416740681,47,0.004322592315406992,Model1_attention_only,future_2w_excess_return
2023-01-01,0.0015385163915377965,47,0.0007207740633246029,Model1_attention_only,future_2w_excess_return
2023-01-08,0.0019675820684463647,47,0.0006835539521099498,Model1_attention_only,future_2w_excess_return
2023-01-15,-0.009726922022366202,47,0.09072559636535804,Model1_attention_only,future_2w_excess_return
2023-01-22,0.006917624439619401,47,0.043700487819870126,Model1_attention_only,future_2w_excess_return
2023-01-29,0.007602722718374869,47,0.028946382489624334,Model1_attention_only,future_2w_excess_return
2023-02-05,-0.003353002352301503,47,0.013161511910512513,Model1_attention_only,future_2w_excess_return
2023-02-12,-0.006205683885257498,47,0.011532048243404036,Model1_attention_only,future_2w_excess_return
2023-02-19,-0.0049456198134981534,48,0.016778213760632044,Model1_attention_only,future_2w_excess_return
2023-02-26,-0.015454459109423202,48,0.042806620153678754,Model1_attention_only,future_2w_excess_return
2023-03-05,-0.005591224868190275,48,0.007392605322654178,Model1_attention_only,future_2w_excess_return
2023-03-12,0.03490123576422855,48,0.0838573046827148,Model1_attention_only,future_2w_excess_return
2023-03-19,0.008055045893386273,48,0.012574756775204143,Model1_attention_only,future_2w_excess_return
2023-03-26,0.0021310790520816707,48,0.0050230814871655705,Model1_attention_only,future_2w_excess_return
2023-04-02,0.0032088097394658405,48,0.004980560834763836,Model1_attention_only,future_2w_excess_return
2023-04-09,0.004111111512919482,48,0.01740808765134305,Model1_attention_only,future_2w_excess_return
2023-04-16,0.01126965584096326,48,0.0634585714878555,Model1_attention_only,future_2w_excess_return
2023-04-23,0.017340526111409193,48,0.134471392807743,Model1_attention_only,future_2w_excess_return
2023-04-30,0.008941027613458975,48,0.02917419150917744,Model1_attention_only,future_2w_excess_return
2023-05-07,0.007659056212985665,48,0.014026110234193756,Model1_attention_only,future_2w_excess_return
2023-05-14,0.02999860934977385,48,0.06874687404771163,Model1_attention_only,future_2w_excess_return
2023-05-21,0.020185662828689284,48,0.07030493738470456,Model1_attention_only,future_2w_excess_return
2023-05-28,0.024338779040130286,48,0.27318547690458483,Model1_attention_only,future_2w_excess_return
2023-06-04,0.028798573893355987,49,0.24280884658112523,Model1_attention_only,future_2w_excess_return
2023-06-11,0.02239828966020349,49,0.10801504751827884,Model1_attention_only,future_2w_excess_return
2023-06-18,0.017881343883737667,49,0.027880045621151095,Model1_attention_only,future_2w_excess_return
2023-06-25,0.006339509271499643,49,0.01197881285653346,Model1_attention_only,future_2w_excess_return
2023-07-02,0.0459334578092418,49,0.30649196567558423,Model1_attention_only,future_2w_excess_return
2023-07-09,0.08408642145689404,49,0.33818575182834953,Model1_attention_only,future_2w_excess_return
2023-07-16,0.002296130410769893,48,0.001376191171687191,Model1_attention_only,future_2w_excess_return
2023-07-23,-0.021142516286402593,48,0.17070591579286198,Model1_attention_only,future_2w_excess_return
2023-07-30,-0.012018427201406326,48,0.10416540780455685,Model1_attention_only,future_2w_excess_return
2023-08-06,0.005697077996463229,48,0.016241697706768754,Model1_attention_only,future_2w_excess_return
2023-08-13,0.009944153192667714,48,0.02035583612464631,Model1_attention_only,future_2w_excess_return
2023-08-20,-0.015645833579774542,48,0.09620242680638669,Model1_attention_only,future_2w_excess_return
2023-08-27,-0.004205231146979288,48,0.01718158556489735,Model1_attention_only,future_2w_excess_return
2023-09-03,-0.025863418492046528,48,0.21957211392907772,Model1_attention_only,future_2w_excess_return
2023-09-10,-0.008515838975657782,48,0.0702708940455461,Model1_attention_only,future_2w_excess_return
2023-09-17,0.028238888441014885,48,0.13099040590579558,Model1_attention_only,future_2w_excess_return
2023-09-24,0.005209198292129897,48,0.014876828130901298,Model1_attention_only,future_2w_excess_return
2023-10-01,0.0005135769455217601,48,7.955132446868518e-05,Model1_attention_only,future_2w_excess_return
2023-10-08,-0.007954248272636508,48,0.02191279425318271,Model1_attention_only,future_2w_excess_return
2023-10-15,-0.006994575281619205,47,0.018484656396084986,Model1_attention_only,future_2w_excess_return
2023-10-22,-0.004119776923727455,47,0.009591628134603347,Model1_attention_only,future_2w_excess_return
2023-10-29,0.024341732472370422,47,0.18268935272783882,Model1_attention_only,future_2w_excess_return
2023-11-05,0.008977822020454553,47,0.0401715589464966,Model1_attention_only,future_2w_excess_return
2023-11-12,-0.0054128032066886175,47,0.008745860404584027,Model1_attention_only,future_2w_excess_return
2023-11-19,-0.007253418971235112,47,0.017100496849675073,Model1_attention_only,future_2w_excess_return
2023-11-26,-0.0026477772734652713,47,0.008824250540504619,Model1_attention_only,future_2w_excess_return
2023-12-03,-0.0037588731310292884,47,0.005185922942168464,Model1_attention_only,future_2w_excess_return
2023-12-10,-0.015271124392412586,47,0.044339477445086706,Model1_attention_only,future_2w_excess_return
2023-12-17,-0.0011791998719734049,48,0.0013773142238238112,Model1_attention_only,future_2w_excess_return
2023-12-24,-0.015797945751599787,48,0.1363599595539664,Model1_attention_only,future_2w_excess_return
2023-12-31,0.00289673155857321,48,0.0028763804963389816,Model1_attention_only,future_2w_excess_return
2024-01-07,-0.010163915050958212,48,0.0088740965606946,Model1_attention_only,future_2w_excess_return
2024-01-14,0.016887088283245432,48,0.03977728945376602,Model1_attention_only,future_2w_excess_return
2024-01-21,0.00772775787901137,48,0.012782471318265709,Model1_attention_only,future_2w_excess_return
2024-01-28,-8.756257173331355e-05,49,1.7790825780350517e-06,Model1_attention_only,future_2w_excess_return
2024-02-04,-0.009385121807428362,49,0.04927959590532993,Model1_attention_only,future_2w_excess_return
2024-02-11,0.0051034131353165394,49,0.003676426521374343,Model1_attention_only,future_2w_excess_return
2024-02-18,0.0042603254222719185,49,0.005886129539984797,Model1_attention_only,future_2w_excess_return
2024-02-25,0.0031805317698843294,49,0.0026215085412283345,Model1_attention_only,future_2w_excess_return
2024-03-03,0.008597699868779717,49,0.012838889674754439,Model1_attention_only,future_2w_excess_return
2024-03-10,-0.015403326989641657,49,0.05635054993767763,Model1_attention_only,future_2w_excess_return
2024-03-17,-0.007381290182509271,49,0.025403258734501666,Model1_attention_only,future_2w_excess_return
2024-03-24,0.004412504370000736,49,0.008520292873236412,Model1_attention_only,future_2w_excess_return
2024-03-31,-0.018243580714832935,49,0.1711945373279985,Model1_attention_only,future_2w_excess_return
2024-04-07,-0.0354296592773556,49,0.19397279591039707,Model1_attention_only,future_2w_excess_return
2024-04-14,-0.006609582044766974,49,0.012043257461735846,Model1_attention_only,future_2w_excess_return
2024-04-21,-0.005014248148405546,49,0.01382176913065436,Model1_attention_only,future_2w_excess_return
2024-04-28,-0.011776249404705461,49,0.019469330436019394,Model1_attention_only,future_2w_excess_return
2024-05-05,-0.016605838317629868,49,0.02189920785177446,Model1_attention_only,future_2w_excess_return
2024-05-12,0.021496924167605482,49,0.06138275274386962,Model1_attention_only,future_2w_excess_return
2024-05-19,0.010504761417435676,49,0.04907925161522153,Model1_attention_only,future_2w_excess_return
2024-05-26,0.007255283404958614,49,0.03786339377339687,Model1_attention_only,future_2w_excess_return
2024-06-02,0.003004932625097997,48,0.00342675562571082,Model1_attention_only,future_2w_excess_return
2024-06-09,0.007658390722953163,48,0.016460546284105537,Model1_attention_only,future_2w_excess_return
2024-06-16,0.0035944822925961443,48,0.00880814716176348,Model1_attention_only,future_2w_excess_return
2024-06-23,-0.003852411261522756,49,0.008198930372907198,Model1_attention_only,future_2w_excess_return
2024-06-30,-0.010832719213953521,49,0.04233587683486739,Model1_attention_only,future_2w_excess_return
2024-07-07,0.007230102520961303,49,0.018870405359717624,Model1_attention_only,future_2w_excess_return
2024-07-14,0.0006555622111939924,49,0.00010024584394896507,Model1_attention_only,future_2w_excess_return
2024-07-21,0.003025188107393826,49,0.0023908631945637193,Model1_attention_only,future_2w_excess_return
2024-07-28,-0.011889475469355064,49,0.053979863298794895,Model1_attention_only,future_2w_excess_return
2024-08-04,-0.007376070647283226,49,0.006794015804870823,Model1_attention_only,future_2w_excess_return
2024-08-11,-0.0017138035286715493,49,0.001393430347447322,Model1_attention_only,future_2w_excess_return
2024-08-18,-0.00016978821372268615,50,3.849597501082158e-05,Model1_attention_only,future_2w_excess_return
2024-08-25,-0.01025895205885713,50,0.03783118707141497,Model1_attention_only,future_2w_excess_return
2024-09-01,-0.00369818992074303,50,0.006157460014411975,Model1_attention_only,future_2w_excess_return
2024-09-08,0.006739674541180777,50,0.02514884819421892,Model1_attention_only,future_2w_excess_return
2024-09-15,0.008421373850084256,50,0.015725950557843538,Model1_attention_only,future_2w_excess_return
2024-09-22,0.016986934664466383,49,0.07674183561419379,Model1_attention_only,future_2w_excess_return
2024-09-29,0.003941954252237922,49,0.0029877031018600286,Model1_attention_only,future_2w_excess_return
2024-10-06,-0.004700497312956772,49,0.0042952068261268295,Model1_attention_only,future_2w_excess_return
2024-10-13,0.004879232247050988,49,0.006020460861336341,Model1_attention_only,future_2w_excess_return
2024-10-20,-0.0008296553186273288,49,0.00012402599719496532,Model1_attention_only,future_2w_excess_return
2024-10-27,0.01861938747426446,49,0.05618339989332721,Model1_attention_only,future_2w_excess_return
2024-11-03,-0.006743589042860207,49,0.017732185594678596,Model1_attention_only,future_2w_excess_return
2024-11-10,-0.0025789612013049894,49,0.001993106026685565,Model1_attention_only,future_2w_excess_return
2024-11-17,0.016673017521756005,49,0.0491917360921188,Model1_attention_only,future_2w_excess_return
2024-11-24,-0.000441337546611121,49,2.3954593684205605e-05,Model1_attention_only,future_2w_excess_return
2024-12-01,-0.016336580268146352,49,0.018996443556592357,Model1_attention_only,future_2w_excess_return
2024-12-08,5.5538983810652785e-05,49,2.9930859990479064e-07,Model1_attention_only,future_2w_excess_return
2024-12-15,-0.004300228845304067,49,0.013573806188265203,Model1_attention_only,future_2w_excess_return
2024-12-22,0.0006933565321223929,49,0.0002426331914440194,Model1_attention_only,future_2w_excess_return
2024-12-29,-0.007622990981434523,49,0.02143628156628008,Model1_attention_only,future_2w_excess_return
2025-01-05,0.02083220260510534,49,0.11120265388943451,Model1_attention_only,future_2w_excess_return
2025-01-12,-0.0008161648352656327,49,0.0001386379275206684,Model1_attention_only,future_2w_excess_return
2025-01-19,-0.004331434174785568,49,0.008954407994717362,Model1_attention_only,future_2w_excess_return
2025-01-26,-0.005485781861979615,49,0.003814096846879389,Model1_attention_only,future_2w_excess_return
2025-02-02,-0.0056547732540049135,49,0.003778220607172922,Model1_attention_only,future_2w_excess_return
2025-02-09,-0.01565443407948854,49,0.02985409552573859,Model1_attention_only,future_2w_excess_return
2025-02-16,-0.00959377846884674,49,0.042674112322101165,Model1_attention_only,future_2w_excess_return
2025-02-23,0.0004420226536212015,49,7.843325667666878e-05,Model1_attention_only,future_2w_excess_return
2025-03-02,-0.0007622896062543456,49,0.0002851129070916558,Model1_attention_only,future_2w_excess_return
2025-03-09,0.002380084336252233,49,0.0040026795752261535,Model1_attention_only,future_2w_excess_return
2025-03-16,-0.004666706378580592,49,0.006346286912458088,Model1_attention_only,future_2w_excess_return
2025-03-23,0.0005191532396965344,49,0.00012996467751413832,Model1_attention_only,future_2w_excess_return
2025-03-30,-0.004819757791195297,49,0.0073553632366401,Model1_attention_only,future_2w_excess_return
2025-04-06,-0.01785052558884834,49,0.046293114060056983,Model1_attention_only,future_2w_excess_return
2025-04-13,0.0034811951696014512,49,0.0028487788017755866,Model1_attention_only,future_2w_excess_return
2025-04-20,-0.01097388008274828,48,0.07699302756276527,Model1_attention_only,future_2w_excess_return
2025-04-27,-0.00929708827147302,48,0.03370848471141785,Model1_attention_only,future_2w_excess_return
2025-05-04,0.023569767900776778,48,0.0694640233562519,Model1_attention_only,future_2w_excess_return
2025-05-11,9.817869996887252e-05,48,9.316534054226722e-07,Model1_attention_only,future_2w_excess_return
2025-05-18,-0.0019228135990572192,49,0.0020696439255378785,Model1_attention_only,future_2w_excess_return
2025-05-25,0.021214246958909264,49,0.07230116539763021,Model1_attention_only,future_2w_excess_return
2025-06-01,-0.008869425280992178,49,0.014272468623000134,Model1_attention_only,future_2w_excess_return
2025-06-08,0.02189359821097626,49,0.13774541093806036,Model1_attention_only,future_2w_excess_return
2025-06-15,0.006800438889643158,49,0.0071008428693173364,Model1_attention_only,future_2w_excess_return
2025-06-22,-0.01642205294798961,49,0.04677348175630469,Model1_attention_only,future_2w_excess_return
2025-06-29,-0.023578025506590484,49,0.13583773984519942,Model1_attention_only,future_2w_excess_return
2025-07-06,-0.036799025364181503,48,0.12039063615482704,Model1_attention_only,future_2w_excess_return
2025-07-13,0.0019992163488963166,48,0.00026050717689751757,Model1_attention_only,future_2w_excess_return
2025-07-20,0.0001461241484054618,49,8.20056028616456e-06,Model1_attention_only,future_2w_excess_return
2025-07-27,0.04631417005458479,49,0.18886438395097727,Model1_attention_only,future_2w_excess_return
2025-08-03,0.06213375017736281,49,0.09786567428783033,Model1_attention_only,future_2w_excess_return
2025-08-10,0.018688717457150564,49,0.01887343965102184,Model1_attention_only,future_2w_excess_return
2025-08-17,-0.006806388610674394,49,0.015637573697053986,Model1_attention_only,future_2w_excess_return
2025-08-24,0.01631370049735957,49,0.0843741103138016,Model1_attention_only,future_2w_excess_return
2025-08-31,0.025437358779217194,49,0.07517892042215413,Model1_attention_only,future_2w_excess_return
2025-09-07,0.058977439292892564,49,0.21027252135783103,Model1_attention_only,future_2w_excess_return
2025-09-14,0.001279326041421412,49,0.00035278876967970163,Model1_attention_only,future_2w_excess_return
2025-09-21,0.016988774502224316,49,0.10192440249995127,Model1_attention_only,future_2w_excess_return
2025-09-28,0.015427964251945767,49,0.08792713451153888,Model1_attention_only,future_2w_excess_return
2025-10-05,0.00873996790065376,49,0.06996934427440038,Model1_attention_only,future_2w_excess_return
2025-10-12,0.035627939749040945,49,0.2596718606072199,Model1_attention_only,future_2w_excess_return
2025-10-19,0.03681403934766048,49,0.18046535231757055,Model1_attention_only,future_2w_excess_return
2025-10-26,0.024490519076519734,49,0.08626822384131305,Model1_attention_only,future_2w_excess_return
2025-11-02,0.017223210749125015,49,0.047930526685633024,Model1_attention_only,future_2w_excess_return
2025-11-09,-0.0156665332614709,49,0.0899293742268209,Model1_attention_only,future_2w_excess_return
2025-11-16,-0.011041115637291281,49,0.04718772968677076,Model1_attention_only,future_2w_excess_return
2025-11-23,0.011449617486094802,49,0.041986605811349276,Model1_attention_only,future_2w_excess_return
2025-11-30,-0.000709082961433316,49,0.00023404219548250893,Model1_attention_only,future_2w_excess_return
2025-12-07,0.008250548254335823,49,0.014366672943087133,Model1_attention_only,future_2w_excess_return
2025-12-14,0.0015714863294875264,49,0.0006752422175492212,Model1_attention_only,future_2w_excess_return
2025-12-21,0.03414741610114625,49,0.17090055311415364,Model1_attention_only,future_2w_excess_return
2025-12-28,0.026087545051139027,49,0.02998524508164868,Model1_attention_only,future_2w_excess_return
2026-01-04,0.05451799702164853,49,0.11791171811533374,Model1_attention_only,future_2w_excess_return
2026-01-11,0.03491655527645245,49,0.11366751487548854,Model1_attention_only,future_2w_excess_return
2026-01-18,0.013608839253295814,49,0.04733515094407392,Model1_attention_only,future_2w_excess_return
2026-01-25,0.010133048529572317,49,0.024094302840478976,Model1_attention_only,future_2w_excess_return
2026-02-01,0.0072389130751119276,49,0.01909627052706442,Model1_attention_only,future_2w_excess_return
2026-02-08,-0.003488289618719753,49,0.011597145536114684,Model1_attention_only,future_2w_excess_return
2026-02-15,-0.026815559137752645,49,0.11369200310807648,Model1_attention_only,future_2w_excess_return
2026-02-22,-0.024560276994834075,49,0.08993870091757816,Model1_attention_only,future_2w_excess_return
2026-03-01,0.001153362546488754,49,0.0004000501632333009,Model1_attention_only,future_2w_excess_return
2026-03-08,0.02909867770012016,49,0.05648479696450581,Model1_attention_only,future_2w_excess_return
2026-03-15,0.004029011146557268,49,0.003154361914521675,Model1_attention_only,future_2w_excess_return
2026-03-22,0.007928721532479406,49,0.021758982799245152,Model1_attention_only,future_2w_excess_return
2026-03-29,0.016909534634068316,49,0.05650379723122423,Model1_attention_only,future_2w_excess_return
2026-04-05,0.019622077997127313,49,0.0173559846064143,Model1_attention_only,future_2w_excess_return
2026-04-12,0.02728123758905051,49,0.024223434014953638,Model1_attention_only,future_2w_excess_return
2026-04-19,0.044003502457460125,49,0.1068247765511019,Model1_attention_only,future_2w_excess_return
2026-04-26,-0.00393176700454106,50,0.0015953595463134018,Model1_attention_only,future_2w_excess_return
2026-05-03,0.027077511600797268,50,0.05206424717307201,Model1_attention_only,future_2w_excess_return
2026-05-10,0.03704253945685635,50,0.062304141702665294,Model1_attention_only,future_2w_excess_return
2026-05-17,0.02065459995486237,49,0.03979639897911014,Model1_attention_only,future_2w_excess_return
2026-05-24,-0.02154401027401011,49,0.06676422696118756,Model1_attention_only,future_2w_excess_return
2026-05-31,-0.0014209030022767914,49,0.0002213915190182325,Model1_attention_only,future_2w_excess_return
2026-06-07,-0.00930342682668717,49,0.005498190280299853,Model1_attention_only,future_2w_excess_return
2026-06-14,-0.0020099291267793424,49,0.0008312837506165849,Model1_attention_only,future_2w_excess_return
2026-06-21,-0.019380976917702398,50,0.07073582446269755,Model1_attention_only,future_2w_excess_return
2026-06-28,-0.01657579320905459,50,0.03371854519893358,Model1_attention_only,future_2w_excess_return
2026-07-05,-0.006570912894693429,50,0.004401372550482896,Model1_attention_only,future_2w_excess_return
2026-07-12,-0.0044532200443456,50,0.0016198027298334194,Model1_attention_only,future_2w_excess_return
2026-07-19,-0.01245279685042568,49,0.010926704245582841,Model1_attention_only,future_2w_excess_return
2022-01-09,0.010698886579222846,43,0.03657337198771027,Model1_attention_only,future_4w_excess_return
2022-01-16,-0.007189291596995147,43,0.010635372129603526,Model1_attention_only,future_4w_excess_return
2022-01-23,-0.016793981382687662,43,0.01989696480168701,Model1_attention_only,future_4w_excess_return
2022-01-30,-0.005570675220369632,43,0.004672776981752835,Model1_attention_only,future_4w_excess_return
2022-02-06,-0.00977364496097193,43,0.009691719972362733,Model1_attention_only,future_4w_excess_return
2022-02-13,-0.001628893108449957,43,0.0006279883787325691,Model1_attention_only,future_4w_excess_return
2022-02-20,0.004688810584629909,44,0.008983873867331904,Model1_attention_only,future_4w_excess_return
2022-02-27,0.03020321092968997,44,0.12081178043559448,Model1_attention_only,future_4w_excess_return
2022-03-06,0.040930098821466705,44,0.19830451465135113,Model1_attention_only,future_4w_excess_return
2022-03-13,0.02344230578558599,44,0.026289102241716322,Model1_attention_only,future_4w_excess_return
2022-03-20,0.011511466059421556,44,0.04108277372104241,Model1_attention_only,future_4w_excess_return
2022-03-27,0.019700780585472696,44,0.0625922190325865,Model1_attention_only,future_4w_excess_return
2022-04-03,-0.005201386244672251,44,0.011789223213203637,Model1_attention_only,future_4w_excess_return
2022-04-10,-0.012761679802774614,44,0.05047084468792595,Model1_attention_only,future_4w_excess_return
2022-04-17,-0.005944394593014124,44,0.006304349311011759,Model1_attention_only,future_4w_excess_return
2022-04-24,-0.01653206221219252,44,0.02720997175565687,Model1_attention_only,future_4w_excess_return
2022-05-01,-0.021503240399507566,44,0.1085407251713143,Model1_attention_only,future_4w_excess_return
2022-05-08,-0.00844652591383718,44,0.009489695805425358,Model1_attention_only,future_4w_excess_return
2022-05-15,-0.013167892342485419,44,0.031741855391762774,Model1_attention_only,future_4w_excess_return
2022-05-22,0.01467479552285205,44,0.015811996706903697,Model1_attention_only,future_4w_excess_return
2022-05-29,0.021899130625643224,44,0.04289112069191603,Model1_attention_only,future_4w_excess_return
2022-06-05,0.017128893743161486,44,0.03045720877573821,Model1_attention_only,future_4w_excess_return
2022-06-12,-0.022059759028584074,44,0.024038253503095408,Model1_attention_only,future_4w_excess_return
2022-06-19,-0.02022309734977291,44,0.012176453331132375,Model1_attention_only,future_4w_excess_return
2022-06-26,-0.02528807754926791,44,0.06688681399610419,Model1_attention_only,future_4w_excess_return
2022-07-03,-0.001596160874226359,44,0.00012844156177760357,Model1_attention_only,future_4w_excess_return
2022-07-10,-0.013163330337297325,44,0.029551053304024966,Model1_attention_only,future_4w_excess_return
2022-07-17,0.0094051056248318,46,0.07589568906187438,Model1_attention_only,future_4w_excess_return
2022-07-24,0.016397926844469907,46,0.07573482609475635,Model1_attention_only,future_4w_excess_return
2022-07-31,0.01837122322292956,46,0.06690332874623806,Model1_attention_only,future_4w_excess_return
2022-08-07,0.023137914301828082,46,0.04693572378454136,Model1_attention_only,future_4w_excess_return
2022-08-14,-0.00999870002065477,46,0.0033542037464971974,Model1_attention_only,future_4w_excess_return
2022-08-21,-0.00827172847138277,46,0.002434351640576704,Model1_attention_only,future_4w_excess_return
2022-08-28,-0.0070747227663539355,46,0.0014813336516722453,Model1_attention_only,future_4w_excess_return
2022-09-04,0.011717787875406886,46,0.0033236800060868488,Model1_attention_only,future_4w_excess_return
2022-09-11,0.0023646006768719054,46,0.001067048247721969,Model1_attention_only,future_4w_excess_return
2022-09-18,-0.018924117170747424,46,0.026068720828478664,Model1_attention_only,future_4w_excess_return
2022-09-25,-0.051356843217908954,46,0.07396303630425516,Model1_attention_only,future_4w_excess_return
2022-10-02,-0.018770973888722026,47,0.0682677010286834,Model1_attention_only,future_4w_excess_return
2022-10-09,-0.007941968320214808,47,0.00405237234258482,Model1_attention_only,future_4w_excess_return
2022-10-16,0.010993694694925688,47,0.010957919070086142,Model1_attention_only,future_4w_excess_return
2022-10-23,0.01904856863921454,47,0.016029196888030506,Model1_attention_only,future_4w_excess_return
2022-10-30,-0.008518695874124429,47,0.0046099528963302605,Model1_attention_only,future_4w_excess_return
2022-11-06,0.018001576297209866,47,0.028673075508339974,Model1_attention_only,future_4w_excess_return
2022-11-13,-0.002512387623053826,47,0.002640338386398988,Model1_attention_only,future_4w_excess_return
2022-11-20,-0.009363929131168744,47,0.01739178524154328,Model1_attention_only,future_4w_excess_return
2022-11-27,-0.0037536513584023675,47,0.0036037626159979297,Model1_attention_only,future_4w_excess_return
2022-12-04,-0.0383421503817552,47,0.08464654595395504,Model1_attention_only,future_4w_excess_return
2022-12-11,0.004946771047502594,48,0.011540214879578015,Model1_attention_only,future_4w_excess_return
2022-12-18,0.005511939129900359,48,0.005059631200713621,Model1_attention_only,future_4w_excess_return
2022-12-25,0.0008953904132154115,47,0.00011177994009703429,Model1_attention_only,future_4w_excess_return
2023-01-01,-0.0010381152283133561,47,0.00019269449339576195,Model1_attention_only,future_4w_excess_return
2023-01-08,0.0067206360540412804,47,0.006218262734549285,Model1_attention_only,future_4w_excess_return
2023-01-15,0.003128002647473584,47,0.002610551387251081,Model1_attention_only,future_4w_excess_return
2023-01-22,0.010500694000097168,47,0.03362663666336574,Model1_attention_only,future_4w_excess_return
2023-01-29,0.008128824261306003,47,0.011050617934555085,Model1_attention_only,future_4w_excess_return
2023-02-05,0.008195821823961382,47,0.0358045694387823,Model1_attention_only,future_4w_excess_return
2023-02-12,0.0008736860180504388,47,0.00010195700493376147,Model1_attention_only,future_4w_excess_return
2023-02-19,-0.00029525048754874616,48,1.8254843615617133e-05,Model1_attention_only,future_4w_excess_return
2023-02-26,-0.008576937102417855,48,0.006049905697587232,Model1_attention_only,future_4w_excess_return
2023-03-05,-0.002403185182186455,48,0.000707834963289744,Model1_attention_only,future_4w_excess_return
2023-03-12,0.04595214906802626,48,0.09512070859508681,Model1_attention_only,future_4w_excess_return
2023-03-19,0.005469616093790364,48,0.0034326736941250324,Model1_attention_only,future_4w_excess_return
2023-03-26,0.002377610701654786,48,0.002437522354867383,Model1_attention_only,future_4w_excess_return
2023-04-02,0.020361776300755655,48,0.08821131695332696,Model1_attention_only,future_4w_excess_return
2023-04-09,0.020782177097890684,48,0.14694261444206858,Model1_attention_only,future_4w_excess_return
2023-04-16,0.008265939112245466,48,0.018347554081880935,Model1_attention_only,future_4w_excess_return
2023-04-23,0.026668386664771435,48,0.13407881088801954,Model1_attention_only,future_4w_excess_return
2023-04-30,0.031584633864063454,48,0.08460858042854891,Model1_attention_only,future_4w_excess_return
2023-05-07,0.05416322223059182,48,0.20335200765848194,Model1_attention_only,future_4w_excess_return
2023-05-14,0.03011313200448803,48,0.04177299148617608,Model1_attention_only,future_4w_excess_return
2023-05-21,0.057135229961267534,48,0.1665784699133499,Model1_attention_only,future_4w_excess_return
2023-05-28,0.024172863977144663,48,0.07344422005097118,Model1_attention_only,future_4w_excess_return
2023-06-04,0.03824902749592869,49,0.1250549633284972,Model1_attention_only,future_4w_excess_return
2023-06-11,0.053800026833353554,49,0.20424513225908936,Model1_attention_only,future_4w_excess_return
2023-06-18,0.09157364309864673,49,0.18757173793880277,Model1_attention_only,future_4w_excess_return
2023-06-25,0.05435943000911955,49,0.10235568801541728,Model1_attention_only,future_4w_excess_return
2023-07-02,0.06559644557035213,49,0.3254726828117367,Model1_attention_only,future_4w_excess_return
2023-07-09,0.05407541744441654,49,0.19227902938629626,Model1_attention_only,future_4w_excess_return
2023-07-16,-0.00816776848652746,48,0.011676286392344415,Model1_attention_only,future_4w_excess_return
2023-07-23,-0.0122238771458727,48,0.05013562013598305,Model1_attention_only,future_4w_excess_return
2023-07-30,2.5771219874038933e-05,48,1.4324883190752757e-07,Model1_attention_only,future_4w_excess_return
2023-08-06,-0.004231773588303071,48,0.004533160859505614,Model1_attention_only,future_4w_excess_return
2023-08-13,-0.0045763702462791956,48,0.0038554369494315788,Model1_attention_only,future_4w_excess_return
2023-08-20,-0.0397649992952998,48,0.19395567967848182,Model1_attention_only,future_4w_excess_return
2023-08-27,-0.010946149089233753,48,0.048219450014832965,Model1_attention_only,future_4w_excess_return
2023-09-03,0.0029429304598255924,48,0.0049279533768572525,Model1_attention_only,future_4w_excess_return
2023-09-10,0.00017597499564299214,48,1.3491115212871385e-05,Model1_attention_only,future_4w_excess_return
2023-09-17,0.0017810791099982255,48,0.0005709811756481331,Model1_attention_only,future_4w_excess_return
2023-09-24,0.009068413908371306,48,0.03619550705152064,Model1_attention_only,future_4w_excess_return
2023-10-01,-0.002706276583939812,48,0.0013301330218423724,Model1_attention_only,future_4w_excess_return
2023-10-08,0.0006370343825134024,48,5.430252350202558e-05,Model1_attention_only,future_4w_excess_return
2023-10-15,-0.0020836078216195674,47,0.0010332628366448438,Model1_attention_only,future_4w_excess_return
2023-10-22,-0.006679587017707162,47,0.01903508853052316,Model1_attention_only,future_4w_excess_return
2023-10-29,-0.0074671491377896575,47,0.017653941291410402,Model1_attention_only,future_4w_excess_return
2023-11-05,-0.0010744359723452285,47,0.0003391255809180871,Model1_attention_only,future_4w_excess_return
2023-11-12,-0.01104428369038813,47,0.025587457500545252,Model1_attention_only,future_4w_excess_return
2023-11-19,-0.0019405419810576206,47,0.0005464784210638118,Model1_attention_only,future_4w_excess_return
2023-11-26,-0.011774257250439374,47,0.02603658531879316,Model1_attention_only,future_4w_excess_return
2023-12-03,-0.004190637637867691,47,0.0024664960217305465,Model1_attention_only,future_4w_excess_return
2023-12-10,-0.03167826861957756,47,0.12467090507327805,Model1_attention_only,future_4w_excess_return
2023-12-17,0.012019783112557409,48,0.07417696465648027,Model1_attention_only,future_4w_excess_return
2023-12-24,0.010328492288379025,48,0.009746874672328931,Model1_attention_only,future_4w_excess_return
2023-12-31,0.010912590367378933,48,0.007859329545831018,Model1_attention_only,future_4w_excess_return
2024-01-07,-0.02180747855632543,48,0.018623212556800883,Model1_attention_only,future_4w_excess_return
2024-01-14,0.031086923486111324,48,0.025782238454490014,Model1_attention_only,future_4w_excess_return
2024-01-21,-0.0018360591421007037,48,0.0005523611812557894,Model1_attention_only,future_4w_excess_return
2024-01-28,0.012670485216531701,49,0.03694386476200073,Model1_attention_only,future_4w_excess_return
2024-02-04,-0.00836167300246794,49,0.007675224805236414,Model1_attention_only,future_4w_excess_return
2024-02-11,-0.014612355503086712,49,0.01290534857057457,Model1_attention_only,future_4w_excess_return
2024-02-18,-0.004811929432977763,49,0.0026553779471831795,Model1_attention_only,future_4w_excess_return
2024-02-25,-0.00450739948540506,49,0.0022134229291466134,Model1_attention_only,future_4w_excess_return
2024-03-03,-0.005607305704576935,49,0.003456391901483946,Model1_attention_only,future_4w_excess_return
2024-03-10,-0.009667832873814916,49,0.01365207620961395,Model1_attention_only,future_4w_excess_return
2024-03-17,-0.0015336863065109957,49,0.0006359968926605841,Model1_attention_only,future_4w_excess_return
2024-03-24,0.0017451921382021704,49,0.00040590993729250346,Model1_attention_only,future_4w_excess_return
2024-03-31,-0.019947710873671046,49,0.09756080916836929,Model1_attention_only,future_4w_excess_return
2024-04-07,-0.032150863509845855,49,0.11605758075414996,Model1_attention_only,future_4w_excess_return
2024-04-14,-0.04355864621786391,49,0.10318343704954835,Model1_attention_only,future_4w_excess_return
2024-04-21,-0.02310662360298632,49,0.0643641404161659,Model1_attention_only,future_4w_excess_return
2024-04-28,-0.005173819902011111,49,0.001535230664893028,Model1_attention_only,future_4w_excess_return
2024-05-05,-0.018400645393104213,49,0.014629338222534316,Model1_attention_only,future_4w_excess_return
2024-05-12,0.015072995536355199,49,0.027127940012410923,Model1_attention_only,future_4w_excess_return
2024-05-19,0.0196275129576399,49,0.06599619550884983,Model1_attention_only,future_4w_excess_return
2024-05-26,0.007373229603105279,49,0.014543582111277709,Model1_attention_only,future_4w_excess_return
2024-06-02,0.006448787185648014,48,0.005866795265757285,Model1_attention_only,future_4w_excess_return
2024-06-09,-0.0006166483646322427,48,3.5659429730716674e-05,Model1_attention_only,future_4w_excess_return
2024-06-16,0.0002598242826497149,48,1.2250912590050511e-05,Model1_attention_only,future_4w_excess_return
2024-06-23,-0.008088089931020417,49,0.028022165266173515,Model1_attention_only,future_4w_excess_return
2024-06-30,-0.018155098297053304,49,0.07640157930281233,Model1_attention_only,future_4w_excess_return
2024-07-07,0.004270223542703747,49,0.0035542075469303658,Model1_attention_only,future_4w_excess_return
2024-07-14,-0.0001687008879928122,49,4.8426743385343585e-06,Model1_attention_only,future_4w_excess_return
2024-07-21,0.012761498293528968,49,0.03779423489256062,Model1_attention_only,future_4w_excess_return
2024-07-28,-0.02011242654656395,49,0.10299285150944937,Model1_attention_only,future_4w_excess_return
2024-08-04,0.0015440967929070892,49,0.0002532617455667241,Model1_attention_only,future_4w_excess_return
2024-08-11,-0.006885557296550155,49,0.009353673686776087,Model1_attention_only,future_4w_excess_return
2024-08-18,0.00968977722205979,50,0.042668443478779516,Model1_attention_only,future_4w_excess_return
2024-08-25,-0.004965987327388025,50,0.0060294985274920165,Model1_attention_only,future_4w_excess_return
2024-09-01,0.0004002438278091222,50,2.7331309583988883e-05,Model1_attention_only,future_4w_excess_return
2024-09-08,0.015615207285847662,50,0.03783385698763808,Model1_attention_only,future_4w_excess_return
2024-09-15,0.013985878460604166,50,0.035157763290946664,Model1_attention_only,future_4w_excess_return
2024-09-22,0.00396821289722006,49,0.002102686688408517,Model1_attention_only,future_4w_excess_return
2024-09-29,0.001678701930702499,49,0.00036597716263031543,Model1_attention_only,future_4w_excess_return
2024-10-06,-0.012707254545146488,49,0.014927689884312367,Model1_attention_only,future_4w_excess_return
2024-10-13,0.009821182911925066,49,0.004904654056011704,Model1_attention_only,future_4w_excess_return
2024-10-20,-0.0015630015018258086,49,0.00023412984319137742,Model1_attention_only,future_4w_excess_return
2024-10-27,0.00721478185260022,49,0.006279119193812521,Model1_attention_only,future_4w_excess_return
2024-11-03,-0.00022948430211415454,49,4.871248503568459e-06,Model1_attention_only,future_4w_excess_return
2024-11-10,0.019533607015047513,49,0.024339789974745285,Model1_attention_only,future_4w_excess_return
2024-11-17,-0.0002896522726878155,49,3.440129488274657e-06,Model1_attention_only,future_4w_excess_return
2024-11-24,-0.0006325685224091749,49,1.5602164555872378e-05,Model1_attention_only,future_4w_excess_return
2024-12-01,-0.02020379845315574,49,0.021403203623246658,Model1_attention_only,future_4w_excess_return
2024-12-08,0.004424589508165441,49,0.001384933270436317,Model1_attention_only,future_4w_excess_return
2024-12-15,-0.01345711562766276,49,0.047451947637790814,Model1_attention_only,future_4w_excess_return
2024-12-22,-0.009143651943079176,49,0.020078406267768578,Model1_attention_only,future_4w_excess_return
2024-12-29,-0.0060834066730059075,49,0.006886176532188704,Model1_attention_only,future_4w_excess_return
2025-01-05,0.016351487440297907,49,0.03440820975715031,Model1_attention_only,future_4w_excess_return
2025-01-12,-0.003024159771661072,49,0.0014251097442016247,Model1_attention_only,future_4w_excess_return
2025-01-19,-0.006022845135702633,49,0.007159847820244036,Model1_attention_only,future_4w_excess_return
2025-01-26,-0.023361611582517604,49,0.034738647049102345,Model1_attention_only,future_4w_excess_return
2025-02-02,-0.019363348063790312,49,0.022248999211737952,Model1_attention_only,future_4w_excess_return
2025-02-09,-0.028486969016866225,49,0.0692853275320674,Model1_attention_only,future_4w_excess_return
2025-02-16,-0.0173145222877633,49,0.06987828968196863,Model1_attention_only,future_4w_excess_return
2025-02-23,-0.0019324015833216083,49,0.0010126546540679682,Model1_attention_only,future_4w_excess_return
2025-03-02,-0.004012148214283171,49,0.00580349250593537,Model1_attention_only,future_4w_excess_return
2025-03-09,-0.005301088146192872,49,0.009099666366997439,Model1_attention_only,future_4w_excess_return
2025-03-16,-0.001174332365302254,49,0.00026841311738778906,Model1_attention_only,future_4w_excess_return
2025-03-23,0.0020344715546654923,49,0.000755384998920805,Model1_attention_only,future_4w_excess_return
2025-03-30,-0.007337129068321164,49,0.012103415294945852,Model1_attention_only,future_4w_excess_return
2025-04-06,-0.04177391379469642,49,0.11528993716055513,Model1_attention_only,future_4w_excess_return
2025-04-13,-0.01068168326782191,49,0.00857879210439072,Model1_attention_only,future_4w_excess_return
2025-04-20,-0.019906530298037232,48,0.10752850135757575,Model1_attention_only,future_4w_excess_return
2025-04-27,-0.003643964569998044,48,0.001614444468210241,Model1_attention_only,future_4w_excess_return
2025-05-04,0.032351184719077004,48,0.072604131764189,Model1_attention_only,future_4w_excess_return
2025-05-11,0.032214568357295845,48,0.05027919002178882,Model1_attention_only,future_4w_excess_return
2025-05-18,-0.00045329230020826623,49,3.8719392477126746e-05,Model1_attention_only,future_4w_excess_return
2025-05-25,0.03368236048149446,49,0.09393383123198518,Model1_attention_only,future_4w_excess_return
2025-06-01,-0.00972895276724979,49,0.007552309468010887,Model1_attention_only,future_4w_excess_return
2025-06-08,0.008293492899676307,49,0.009062155536769256,Model1_attention_only,future_4w_excess_return
2025-06-15,0.006750583037477056,49,0.004000609517706644,Model1_attention_only,future_4w_excess_return
2025-06-22,-0.02449506414220502,49,0.030327923029792037,Model1_attention_only,future_4w_excess_return
2025-06-29,-0.04060256873125896,49,0.08608876204689309,Model1_attention_only,future_4w_excess_return
2025-07-06,-0.03938345957555669,48,0.0596865219772833,Model1_attention_only,future_4w_excess_return
2025-07-13,0.05513904684984686,48,0.05945607528422325,Model1_attention_only,future_4w_excess_return
2025-07-20,0.00882919573354531,49,0.0034490262371299485,Model1_attention_only,future_4w_excess_return
2025-07-27,0.07249517904555898,49,0.18035889920420234,Model1_attention_only,future_4w_excess_return
2025-08-03,0.06115976813815069,49,0.10187725399621617,Model1_attention_only,future_4w_excess_return
2025-08-10,0.020023920593888838,49,0.01462584564091618,Model1_attention_only,future_4w_excess_return
2025-08-17,0.03580654067441144,49,0.10375411664143086,Model1_attention_only,future_4w_excess_return
2025-08-24,0.04836811839843316,49,0.1219241092557104,Model1_attention_only,future_4w_excess_return
2025-08-31,0.022410526793331567,49,0.022254292238363282,Model1_attention_only,future_4w_excess_return
2025-09-07,0.06974315338241842,49,0.13838303562074372,Model1_attention_only,future_4w_excess_return
2025-09-14,0.025681716170111352,49,0.03791942859730335,Model1_attention_only,future_4w_excess_return
2025-09-21,0.02384585175164076,49,0.10923064604911836,Model1_attention_only,future_4w_excess_return
2025-09-28,0.08429528284830304,49,0.455279731646143,Model1_attention_only,future_4w_excess_return
2025-10-05,0.034663736826540635,49,0.2124132811384748,Model1_attention_only,future_4w_excess_return
2025-10-12,0.05621920090661569,49,0.19906513143286397,Model1_attention_only,future_4w_excess_return
2025-10-19,0.05770269502642428,49,0.21293919959339858,Model1_attention_only,future_4w_excess_return
2025-10-26,-0.0022206104070625603,49,0.0007525716203901078,Model1_attention_only,future_4w_excess_return
2025-11-02,0.003275712853134558,49,0.0014947199108796827,Model1_attention_only,future_4w_excess_return
2025-11-09,-0.006413781940874641,49,0.008099043305850984,Model1_attention_only,future_4w_excess_return
2025-11-16,0.0017857857565194099,49,0.0007748612976519187,Model1_attention_only,future_4w_excess_return
2025-11-23,0.017196372078133834,49,0.0608142849178237,Model1_attention_only,future_4w_excess_return
2025-11-30,0.006666285756306667,49,0.009642477652426429,Model1_attention_only,future_4w_excess_return
2025-12-07,0.03663816778203232,49,0.10030525714687455,Model1_attention_only,future_4w_excess_return
2025-12-14,0.032838083456032285,49,0.05928807896098298,Model1_attention_only,future_4w_excess_return
2025-12-21,0.08529819436534998,49,0.18019122220935035,Model1_attention_only,future_4w_excess_return
2025-12-28,0.07868254800601414,49,0.0828468507268938,Model1_attention_only,future_4w_excess_return
2026-01-04,0.08250147521103801,49,0.15961419053106773,Model1_attention_only,future_4w_excess_return
2026-01-11,0.04071657846920926,49,0.0910145284505659,Model1_attention_only,future_4w_excess_return
2026-01-18,0.015292147487204852,49,0.02369073167967095,Model1_attention_only,future_4w_excess_return
2026-01-25,0.012494581323556457,49,0.02429857040377359,Model1_attention_only,future_4w_excess_return
2026-02-01,0.028041459109063773,49,0.08601897902968036,Model1_attention_only,future_4w_excess_return
2026-02-08,-0.016546301723731078,49,0.06660710255951252,Model1_attention_only,future_4w_excess_return
2026-02-15,-0.006700683853005947,49,0.002392445050985792,Model1_attention_only,future_4w_excess_return
2026-02-22,0.022730839486062648,49,0.025963219884510114,Model1_attention_only,future_4w_excess_return
2026-03-01,0.009671148283816858,49,0.009219668961409688,Model1_attention_only,future_4w_excess_return
2026-03-08,0.03750629631191903,49,0.08499066309216963,Model1_attention_only,future_4w_excess_return
2026-03-15,0.01180749621951489,49,0.012704912171706773,Model1_attention_only,future_4w_excess_return
2026-03-22,0.013557050968029562,49,0.013436686357609084,Model1_attention_only,future_4w_excess_return
2026-03-29,0.030102675943459074,49,0.021102501445192767,Model1_attention_only,future_4w_excess_return
2026-04-05,0.03703913528921762,49,0.01978050568972478,Model1_attention_only,future_4w_excess_return
2026-04-12,0.05216192945639965,49,0.02409149391713461,Model1_attention_only,future_4w_excess_return
2026-04-19,0.03841957900182992,49,0.03179483611927292,Model1_attention_only,future_4w_excess_return
2026-04-26,0.018917020558434704,50,0.011514624885669233,Model1_attention_only,future_4w_excess_return
2026-05-03,0.054656480681656995,50,0.05492292984895286,Model1_attention_only,future_4w_excess_return
2026-05-10,0.010633510701681895,50,0.003953474149106517,Model1_attention_only,future_4w_excess_return
2026-05-17,0.010479235314762334,49,0.0053153375239918255,Model1_attention_only,future_4w_excess_return
2026-05-24,-0.02056002897179162,49,0.011006964615996817,Model1_attention_only,future_4w_excess_return
2026-05-31,-0.009228863291461121,49,0.003962728642807445,Model1_attention_only,future_4w_excess_return
2026-06-07,-0.02355597983311979,49,0.0315570536278732,Model1_attention_only,future_4w_excess_return
2026-06-14,-0.002646426065959782,49,0.0005310712369975823,Model1_attention_only,future_4w_excess_return
2026-06-21,-0.017677778561435233,50,0.023688656557149912,Model1_attention_only,future_4w_excess_return
2026-06-28,-0.018011665166205292,50,0.019348808067430223,Model1_attention_only,future_4w_excess_return
2026-07-05,-0.0010314912436193411,50,5.3787207383027e-05,Model1_attention_only,future_4w_excess_return
2026-07-12,-0.0017901316198904377,50,0.00011661347248415055,Model1_attention_only,future_4w_excess_return
2026-07-19,0.02598745013560955,49,0.014114335979412806,Model1_attention_only,future_4w_excess_return
2022-01-09,0.006027073604175797,43,0.1090799112735984,Model2_plus_momentum,future_1w_excess_return
2022-01-16,0.00786786091859093,43,0.47169661451729694,Model2_plus_momentum,future_1w_excess_return
2022-01-23,0.0016510874906837478,43,0.13552628429402058,Model2_plus_momentum,future_1w_excess_return
2022-01-30,0.0075254245187083065,43,0.2434941228364943,Model2_plus_momentum,future_1w_excess_return
2022-02-06,0.006073824089266832,43,0.2256861393559233,Model2_plus_momentum,future_1w_excess_return
2022-02-13,-0.0023751788835215297,43,0.1479788867182159,Model2_plus_momentum,future_1w_excess_return
2022-02-20,0.0007939382747968297,44,0.0022309791659459455,Model2_plus_momentum,future_1w_excess_return
2022-02-27,-0.003767987363865369,44,0.058552124063851685,Model2_plus_momentum,future_1w_excess_return
2022-03-06,-0.00372148480866848,44,0.19031374709221627,Model2_plus_momentum,future_1w_excess_return
2022-03-13,0.0012713739354019565,44,0.27910130541987854,Model2_plus_momentum,future_1w_excess_return
2022-03-20,0.006199431277188382,44,0.07882979190033435,Model2_plus_momentum,future_1w_excess_return
2022-03-27,0.004091484226471275,44,0.057672669455587466,Model2_plus_momentum,future_1w_excess_return
2022-04-03,-0.001647278182677677,44,0.05315928679196036,Model2_plus_momentum,future_1w_excess_return
2022-04-10,-0.00018502653758489113,44,0.228795949284335,Model2_plus_momentum,future_1w_excess_return
2022-04-17,0.004244632079215474,44,0.2698316747454008,Model2_plus_momentum,future_1w_excess_return
2022-04-24,0.0016378078707803764,44,0.051008164195432415,Model2_plus_momentum,future_1w_excess_return
2022-05-01,-0.009672450455525332,44,0.0964934567254836,Model2_plus_momentum,future_1w_excess_return
2022-05-08,0.005425976049055432,44,0.25800862078825604,Model2_plus_momentum,future_1w_excess_return
2022-05-15,-0.025864331446264013,44,0.1903559529858605,Model2_plus_momentum,future_1w_excess_return
2022-05-22,0.007332679102690892,44,0.2056470808714701,Model2_plus_momentum,future_1w_excess_return
2022-05-29,-0.0039271132708351385,44,0.08623767142500194,Model2_plus_momentum,future_1w_excess_return
2022-06-05,0.015032699895648673,44,0.18332630138559936,Model2_plus_momentum,future_1w_excess_return
2022-06-12,-0.0035618160624513867,44,0.004761874085772222,Model2_plus_momentum,future_1w_excess_return
2022-06-19,0.016145447837685668,44,0.03416209394124314,Model2_plus_momentum,future_1w_excess_return
2022-06-26,-0.00447024711135853,44,0.084453873995738,Model2_plus_momentum,future_1w_excess_return
2022-07-03,-0.0010834929874766058,44,0.2312247613192394,Model2_plus_momentum,future_1w_excess_return
2022-07-10,-0.0037359284082766203,44,0.11652643678858332,Model2_plus_momentum,future_1w_excess_return
2022-07-17,-0.0009429561321835471,46,0.17298761509171512,Model2_plus_momentum,future_1w_excess_return
2022-07-24,-0.003842100709486179,46,0.05643620389255777,Model2_plus_momentum,future_1w_excess_return
2022-07-31,0.00721495860937641,46,0.09719423205283118,Model2_plus_momentum,future_1w_excess_return
2022-08-07,0.015613955887246742,46,0.2048023729491132,Model2_plus_momentum,future_1w_excess_return
2022-08-14,0.0035632046481816476,46,0.07015478915294537,Model2_plus_momentum,future_1w_excess_return
2022-08-21,0.004440692742797216,46,0.13491989827237305,Model2_plus_momentum,future_1w_excess_return
2022-08-28,-0.0006167482855341623,46,0.16140113699173797,Model2_plus_momentum,future_1w_excess_return
2022-09-04,-0.010999747361238259,46,0.05468091799914343,Model2_plus_momentum,future_1w_excess_return
2022-09-11,-0.004342787939504239,46,0.07170244577890172,Model2_plus_momentum,future_1w_excess_return
2022-09-18,0.018307269806046307,46,0.2342353485655242,Model2_plus_momentum,future_1w_excess_return
2022-09-25,-0.003377900756406524,46,0.03768615397283481,Model2_plus_momentum,future_1w_excess_return
2022-10-02,-0.004785388733906656,47,0.06928658061470938,Model2_plus_momentum,future_1w_excess_return
2022-10-09,-0.023607059438929247,47,0.22369846590943587,Model2_plus_momentum,future_1w_excess_return
2022-10-16,-0.0069956898118086475,47,0.16813482146541114,Model2_plus_momentum,future_1w_excess_return
2022-10-23,0.004410198283068087,47,0.28546298093445666,Model2_plus_momentum,future_1w_excess_return
2022-10-30,-0.014381507974116498,47,0.2021259726824216,Model2_plus_momentum,future_1w_excess_return
2022-11-06,0.008696744454410217,47,0.1467052417867687,Model2_plus_momentum,future_1w_excess_return
2022-11-13,0.00040662409019076584,47,0.17491042769055232,Model2_plus_momentum,future_1w_excess_return
2022-11-20,-0.0013313364887187693,47,0.08526675405685313,Model2_plus_momentum,future_1w_excess_return
2022-11-27,0.002100499499358116,47,0.14668748954200816,Model2_plus_momentum,future_1w_excess_return
2022-12-04,-0.010592255254627987,47,0.23797052928523077,Model2_plus_momentum,future_1w_excess_return
2022-12-11,0.004970766769974509,48,0.08047970504148338,Model2_plus_momentum,future_1w_excess_return
2022-12-18,-0.008178667880691246,48,0.20568380873907322,Model2_plus_momentum,future_1w_excess_return
2022-12-25,0.0005287262571886343,47,0.06546193622777607,Model2_plus_momentum,future_1w_excess_return
2023-01-01,0.003041020544096072,47,0.411429207215081,Model2_plus_momentum,future_1w_excess_return
2023-01-08,-0.0008504554952722138,47,0.07108888205211228,Model2_plus_momentum,future_1w_excess_return
2023-01-15,-0.011201667688035287,47,0.1612792469474118,Model2_plus_momentum,future_1w_excess_return
2023-01-22,0.005956220795798749,47,0.39050214092937163,Model2_plus_momentum,future_1w_excess_return
2023-01-29,0.001714966365774572,47,0.342233736484141,Model2_plus_momentum,future_1w_excess_return
2023-02-05,0.0025494345923552787,47,0.04325811210465713,Model2_plus_momentum,future_1w_excess_return
2023-02-12,0.00039756332776000325,47,0.06185174251597747,Model2_plus_momentum,future_1w_excess_return
2023-02-19,-0.004718877938991575,48,0.09593266605928497,Model2_plus_momentum,future_1w_excess_return
2023-02-26,-0.00680248250828791,48,0.030179316246891852,Model2_plus_momentum,future_1w_excess_return
2023-03-05,-0.0013029710132702252,48,0.10741336082830111,Model2_plus_momentum,future_1w_excess_return
2023-03-12,0.020599867381206362,48,0.15196915719424908,Model2_plus_momentum,future_1w_excess_return
2023-03-19,-0.0037502891267337003,48,0.0036517963350035654,Model2_plus_momentum,future_1w_excess_return
2023-03-26,0.0016064055597608488,48,0.011368777084196258,Model2_plus_momentum,future_1w_excess_return
2023-04-02,-0.0027587541451862922,48,0.03176161733338101,Model2_plus_momentum,future_1w_excess_return
2023-04-09,-0.001651337040501074,48,0.048036953636280466,Model2_plus_momentum,future_1w_excess_return
2023-04-16,0.00182326519006238,48,0.06278749812312823,Model2_plus_momentum,future_1w_excess_return
2023-04-23,0.0070690584660797195,48,0.3368909540117395,Model2_plus_momentum,future_1w_excess_return
2023-04-30,0.008313636782200387,48,0.05190815354786893,Model2_plus_momentum,future_1w_excess_return
2023-05-07,0.0030755156851254503,48,0.08017886434137034,Model2_plus_momentum,future_1w_excess_return
2023-05-14,-0.007140353934972192,48,0.07856110559464835,Model2_plus_momentum,future_1w_excess_return
2023-05-21,0.013466656600818125,48,0.35111726044716707,Model2_plus_momentum,future_1w_excess_return
2023-05-28,0.010826361997964034,48,0.23199346931822307,Model2_plus_momentum,future_1w_excess_return
2023-06-04,0.005349265115417655,49,0.07901645819101522,Model2_plus_momentum,future_1w_excess_return
2023-06-11,0.000921475278572316,49,0.3676821759461466,Model2_plus_momentum,future_1w_excess_return
2023-06-18,-0.014325283288043524,49,0.048506455691460504,Model2_plus_momentum,future_1w_excess_return
2023-06-25,-0.00789914754390116,49,0.1973558249799533,Model2_plus_momentum,future_1w_excess_return
2023-07-02,-0.00477504876435101,49,0.15325485278425754,Model2_plus_momentum,future_1w_excess_return
2023-07-09,0.030544117708502558,49,0.4679568905028868,Model2_plus_momentum,future_1w_excess_return
2023-07-16,-0.009872471900894332,48,0.5166583840386321,Model2_plus_momentum,future_1w_excess_return
2023-07-23,0.00026849887873685654,48,0.3472633349217339,Model2_plus_momentum,future_1w_excess_return
2023-07-30,0.0014578140494013979,48,0.08446390695362194,Model2_plus_momentum,future_1w_excess_return
2023-08-06,-0.0004051556436041534,48,0.2336848817944669,Model2_plus_momentum,future_1w_excess_return
2023-08-13,0.0045925006108549354,48,0.40815760064999795,Model2_plus_momentum,future_1w_excess_return
2023-08-20,-0.009712062265187522,48,0.15910422276149916,Model2_plus_momentum,future_1w_excess_return
2023-08-27,0.0027423222905171734,48,0.027740014732712814,Model2_plus_momentum,future_1w_excess_return
2023-09-03,-0.002727319314913164,48,0.334504496355033,Model2_plus_momentum,future_1w_excess_return
2023-09-10,-0.00913601986091419,48,0.4162407782802171,Model2_plus_momentum,future_1w_excess_return
2023-09-17,-0.000545816079588788,48,0.26814689014985893,Model2_plus_momentum,future_1w_excess_return
2023-09-24,-0.0010011067587439026,48,0.6469222163131456,Model2_plus_momentum,future_1w_excess_return
2023-10-01,0.0004476091694606216,48,0.09530766615219066,Model2_plus_momentum,future_1w_excess_return
2023-10-08,-0.018864186577452414,48,0.15324430342686302,Model2_plus_momentum,future_1w_excess_return
2023-10-15,-0.009626818520336367,47,0.21612157930264098,Model2_plus_momentum,future_1w_excess_return
2023-10-22,-0.0011228755865708398,47,0.013971483335281643,Model2_plus_momentum,future_1w_excess_return
2023-10-29,0.007913220876999891,47,0.08633742993585936,Model2_plus_momentum,future_1w_excess_return
2023-11-05,0.0138761249215799,47,0.25861866827797786,Model2_plus_momentum,future_1w_excess_return
2023-11-12,0.00302437763784609,47,0.11121824220024845,Model2_plus_momentum,future_1w_excess_return
2023-11-19,-0.000844508253227183,47,0.16026092236458234,Model2_plus_momentum,future_1w_excess_return
2023-11-26,-0.0024762477510212617,47,0.017323868461343594,Model2_plus_momentum,future_1w_excess_return
2023-12-03,0.00248675509333607,47,0.012448013960734472,Model2_plus_momentum,future_1w_excess_return
2023-12-10,-0.011940285921478104,47,0.1825533581762988,Model2_plus_momentum,future_1w_excess_return
2023-12-17,0.0036935291723282325,48,0.0843917953484663,Model2_plus_momentum,future_1w_excess_return
2023-12-24,-0.017583552226161616,48,0.45784135001690063,Model2_plus_momentum,future_1w_excess_return
2023-12-31,-0.002763266634572943,48,0.0641272079715205,Model2_plus_momentum,future_1w_excess_return
2024-01-07,-0.006122422195221968,48,0.1061334577983214,Model2_plus_momentum,future_1w_excess_return
2024-01-14,0.023216732971930304,48,0.23097708637003023,Model2_plus_momentum,future_1w_excess_return
2024-01-21,-0.006008687748621646,48,0.16596771857991954,Model2_plus_momentum,future_1w_excess_return
2024-01-28,0.0013349014420471587,49,0.33533249438926305,Model2_plus_momentum,future_1w_excess_return
2024-02-04,-0.0009685312459346597,49,0.5918394218466033,Model2_plus_momentum,future_1w_excess_return
2024-02-11,-0.001208242680300147,49,0.2953346619677092,Model2_plus_momentum,future_1w_excess_return
2024-02-18,0.00192847712713652,49,0.046167413481800534,Model2_plus_momentum,future_1w_excess_return
2024-02-25,-0.00044689210708711517,49,0.20245561944849855,Model2_plus_momentum,future_1w_excess_return
2024-03-03,0.003892794116074961,49,0.07770157378639797,Model2_plus_momentum,future_1w_excess_return
2024-03-10,-0.012526458770375854,49,0.0765177380667521,Model2_plus_momentum,future_1w_excess_return
2024-03-17,0.002330938453325923,49,0.08546023260339974,Model2_plus_momentum,future_1w_excess_return
2024-03-24,0.004629478104343561,49,0.09930680412751203,Model2_plus_momentum,future_1w_excess_return
2024-03-31,-0.006396073220323548,49,0.22528083983130676,Model2_plus_momentum,future_1w_excess_return
2024-04-07,-0.020657485739630724,49,0.16091827807034775,Model2_plus_momentum,future_1w_excess_return
2024-04-14,0.004279226748086312,49,0.14847286970786067,Model2_plus_momentum,future_1w_excess_return
2024-04-21,-0.008539553073278833,49,0.1718544249045536,Model2_plus_momentum,future_1w_excess_return
2024-04-28,0.0012787499094333696,49,0.32646852563820716,Model2_plus_momentum,future_1w_excess_return
2024-05-05,-0.011616189803398236,49,0.09216871537977378,Model2_plus_momentum,future_1w_excess_return
2024-05-12,0.01792207346565601,49,0.229528628805875,Model2_plus_momentum,future_1w_excess_return
2024-05-19,0.010586997990772007,49,0.16000901604301443,Model2_plus_momentum,future_1w_excess_return
2024-05-26,0.005658133953491693,48,0.0913381445936311,Model2_plus_momentum,future_1w_excess_return
2024-06-02,-0.0020286683707880695,48,0.1375758557455219,Model2_plus_momentum,future_1w_excess_return
2024-06-09,0.0023503302069080084,48,0.13622240509423422,Model2_plus_momentum,future_1w_excess_return
2024-06-16,-0.00012636399006379722,48,0.009338523220948969,Model2_plus_momentum,future_1w_excess_return
2024-06-23,-0.0026056910414633374,49,0.06658178217860955,Model2_plus_momentum,future_1w_excess_return
2024-06-30,-0.007643691321155928,49,0.6442856668509496,Model2_plus_momentum,future_1w_excess_return
2024-07-07,0.005611388434771675,49,0.12806007325821067,Model2_plus_momentum,future_1w_excess_return
2024-07-14,0.001204484804271072,49,0.3390164480711867,Model2_plus_momentum,future_1w_excess_return
2024-07-21,0.002507809595613926,48,0.12973191191183253,Model2_plus_momentum,future_1w_excess_return
2024-07-28,-0.012980796171138379,49,0.07109926223446139,Model2_plus_momentum,future_1w_excess_return
2024-08-04,-0.0028276018218677534,49,0.389648570424617,Model2_plus_momentum,future_1w_excess_return
2024-08-11,-0.006520376471906515,49,0.2179391944950263,Model2_plus_momentum,future_1w_excess_return
2024-08-18,-0.000521677900027576,50,0.07757538346420922,Model2_plus_momentum,future_1w_excess_return
2024-08-25,-0.0003633851134870886,50,0.1980533933513161,Model2_plus_momentum,future_1w_excess_return
2024-09-01,-0.003536618271952633,50,0.04493814058501122,Model2_plus_momentum,future_1w_excess_return
2024-09-08,-0.0019167281517714768,50,0.04633549644791002,Model2_plus_momentum,future_1w_excess_return
2024-09-15,0.005622517703227669,50,0.03225642785799676,Model2_plus_momentum,future_1w_excess_return
2024-09-22,0.0093077609648514,49,0.1263996620114679,Model2_plus_momentum,future_1w_excess_return
2024-09-29,0.0037609703682878063,49,0.02576343897848088,Model2_plus_momentum,future_1w_excess_return
2024-10-06,0.0034144750144655817,49,0.09550976786225263,Model2_plus_momentum,future_1w_excess_return
2024-10-13,0.0007818100810267361,49,0.06317999287946252,Model2_plus_momentum,future_1w_excess_return
2024-10-20,-0.002597356191734757,49,0.013593111344083475,Model2_plus_momentum,future_1w_excess_return
2024-10-27,0.014117304945472947,49,0.14239752357319235,Model2_plus_momentum,future_1w_excess_return
2024-11-03,-0.009708526403534944,49,0.3997475103587289,Model2_plus_momentum,future_1w_excess_return
2024-11-10,-0.0036910109256756973,49,0.16937849481290923,Model2_plus_momentum,future_1w_excess_return
2024-11-17,0.003531541603450995,49,0.20435312751229373,Model2_plus_momentum,future_1w_excess_return
2024-11-24,0.0007658498559962416,49,0.15979674931689036,Model2_plus_momentum,future_1w_excess_return
2024-12-01,-0.004621995808762016,49,0.16583046793212064,Model2_plus_momentum,future_1w_excess_return
2024-12-08,-0.012842941378747738,49,0.3903935691057475,Model2_plus_momentum,future_1w_excess_return
2024-12-15,-0.0008838734201252682,49,0.044220491747057666,Model2_plus_momentum,future_1w_excess_return
2024-12-22,-0.011367644652848959,49,0.29958722030133855,Model2_plus_momentum,future_1w_excess_return
2024-12-29,0.004174472066872766,49,0.025801436936692013,Model2_plus_momentum,future_1w_excess_return
2025-01-05,0.006323348235840029,49,0.017855398197771932,Model2_plus_momentum,future_1w_excess_return
2025-01-12,0.006171037342502343,49,0.21427367259392294,Model2_plus_momentum,future_1w_excess_return
2025-01-19,-0.0071833329128563675,49,0.1319793580546924,Model2_plus_momentum,future_1w_excess_return
2025-01-26,-0.007129538557701126,49,0.3009651698897663,Model2_plus_momentum,future_1w_excess_return
2025-02-02,0.0024853265386782977,49,0.287317952720349,Model2_plus_momentum,future_1w_excess_return
2025-02-09,-0.004503389167546716,49,0.5334550560126252,Model2_plus_momentum,future_1w_excess_return
2025-02-16,-0.0002908660209686338,49,0.20528209998113223,Model2_plus_momentum,future_1w_excess_return
2025-02-23,-0.00785972110080477,49,0.03718118528573444,Model2_plus_momentum,future_1w_excess_return
2025-03-02,0.003754020088012105,49,0.472345610099019,Model2_plus_momentum,future_1w_excess_return
2025-03-09,0.003239741494946524,49,0.2436026691808688,Model2_plus_momentum,future_1w_excess_return
2025-03-16,0.002578544071298393,49,0.04712825850057234,Model2_plus_momentum,future_1w_excess_return
2025-03-23,-0.007097112340032241,49,0.0827079296183143,Model2_plus_momentum,future_1w_excess_return
2025-03-30,0.0026491754570634896,49,0.018347018474801025,Model2_plus_momentum,future_1w_excess_return
2025-04-06,-0.01906825664467815,49,0.1300071644356382,Model2_plus_momentum,future_1w_excess_return
2025-04-13,-0.0036101293402334136,49,0.16999503271444816,Model2_plus_momentum,future_1w_excess_return
2025-04-20,-0.0040695346794063485,48,0.44728132817014277,Model2_plus_momentum,future_1w_excess_return
2025-04-27,-0.006956180495279253,48,0.17868333019931848,Model2_plus_momentum,future_1w_excess_return
2025-05-04,0.004531902184119287,48,0.10728762605675835,Model2_plus_momentum,future_1w_excess_return
2025-05-11,0.009264500466495441,48,0.06999679767396849,Model2_plus_momentum,future_1w_excess_return
2025-05-18,0.0010808777550820048,49,0.18359204235115356,Model2_plus_momentum,future_1w_excess_return
2025-05-25,0.011014168125181975,49,0.1427376645679529,Model2_plus_momentum,future_1w_excess_return
2025-06-01,-0.0057505207245553275,49,0.05273539569590402,Model2_plus_momentum,future_1w_excess_return
2025-06-08,-0.00020938117170785954,49,0.18153436004011214,Model2_plus_momentum,future_1w_excess_return
2025-06-15,0.0184322530471677,49,0.12101278473426513,Model2_plus_momentum,future_1w_excess_return
2025-06-22,-0.006276371714360453,49,0.009633168209729703,Model2_plus_momentum,future_1w_excess_return
2025-06-29,-0.015407506427082359,49,0.18180483004430448,Model2_plus_momentum,future_1w_excess_return
2025-07-06,-0.014602631561046492,48,0.20662182633679105,Model2_plus_momentum,future_1w_excess_return
2025-07-13,-0.008524073753782217,48,0.11642183616842894,Model2_plus_momentum,future_1w_excess_return
2025-07-20,-0.0023628858262024644,49,0.03510099413345524,Model2_plus_momentum,future_1w_excess_return
2025-07-27,0.002934506758487082,49,0.28644312962254936,Model2_plus_momentum,future_1w_excess_return
2025-08-03,0.00014180521621302844,49,0.4525113003685012,Model2_plus_momentum,future_1w_excess_return
2025-08-10,0.019014416053848713,49,0.03992421980434102,Model2_plus_momentum,future_1w_excess_return
2025-08-17,0.0024877929413383085,49,0.3075084348988789,Model2_plus_momentum,future_1w_excess_return
2025-08-24,0.010963910764032424,49,0.1012135508821912,Model2_plus_momentum,future_1w_excess_return
2025-08-31,0.0028594123388131047,49,0.0823540257874934,Model2_plus_momentum,future_1w_excess_return
2025-09-07,0.030691585255398862,49,0.2631398489938648,Model2_plus_momentum,future_1w_excess_return
2025-09-14,0.014813265412443015,49,0.09876688792002031,Model2_plus_momentum,future_1w_excess_return
2025-09-21,-0.0015937518937500627,49,0.057504629745783076,Model2_plus_momentum,future_1w_excess_return
2025-09-28,0.007400581602373696,49,0.5370973003497368,Model2_plus_momentum,future_1w_excess_return
2025-10-05,-0.006491162832534227,49,0.11517490438864408,Model2_plus_momentum,future_1w_excess_return
2025-10-12,-0.0004629927588007121,49,0.265330891918947,Model2_plus_momentum,future_1w_excess_return
2025-10-19,0.03383294350542395,49,0.582537041233825,Model2_plus_momentum,future_1w_excess_return
2025-10-26,-0.0010462500668393746,49,0.08537606626179695,Model2_plus_momentum,future_1w_excess_return
2025-11-02,0.007931267678955557,49,0.36256068087768034,Model2_plus_momentum,future_1w_excess_return
2025-11-09,-0.00668232402396976,49,0.0228991850047362,Model2_plus_momentum,future_1w_excess_return
2025-11-16,-0.003268787810619362,49,0.3978744894218469,Model2_plus_momentum,future_1w_excess_return
2025-11-23,-0.0007580597140952171,49,0.07909193774358958,Model2_plus_momentum,future_1w_excess_return
2025-11-30,-0.003617917113327599,49,0.467443607239301,Model2_plus_momentum,future_1w_excess_return
2025-12-07,0.003964703415506345,49,0.028607734649178318,Model2_plus_momentum,future_1w_excess_return
2025-12-14,-0.001234783213673854,49,0.0670837814577695,Model2_plus_momentum,future_1w_excess_return
2025-12-21,-0.0024054031586760297,49,0.05090647530725256,Model2_plus_momentum,future_1w_excess_return
2025-12-28,0.002555970841009718,49,0.1674403399991249,Model2_plus_momentum,future_1w_excess_return
2026-01-04,0.013791171857341057,49,0.1937619335607944,Model2_plus_momentum,future_1w_excess_return
2026-01-11,0.012593372036884709,49,0.3433085095750049,Model2_plus_momentum,future_1w_excess_return
2026-01-18,0.005623644670928489,49,0.06052675460323498,Model2_plus_momentum,future_1w_excess_return
2026-01-25,0.009404051884521038,49,0.2443620645441038,Model2_plus_momentum,future_1w_excess_return
2026-02-01,-0.0032650751556088722,49,0.011246067434355633,Model2_plus_momentum,future_1w_excess_return
2026-02-08,-0.009279219992132416,49,0.39588643780840227,Model2_plus_momentum,future_1w_excess_return
2026-02-15,-0.015892436196743936,49,0.11930410004208247,Model2_plus_momentum,future_1w_excess_return
2026-02-22,-0.01473071159575673,49,0.10818571795696819,Model2_plus_momentum,future_1w_excess_return
2026-03-01,-1.9470051963371704e-05,49,0.44655652360280806,Model2_plus_momentum,future_1w_excess_return
2026-03-08,0.01819966578343258,49,0.5054317044237147,Model2_plus_momentum,future_1w_excess_return
2026-03-15,-0.017606232304006004,49,0.24660775120905487,Model2_plus_momentum,future_1w_excess_return
2026-03-22,0.01591437868466405,49,0.24017744971282995,Model2_plus_momentum,future_1w_excess_return
2026-03-29,0.0024186948818559918,49,0.1251242893449066,Model2_plus_momentum,future_1w_excess_return
2026-04-05,0.023137319997418304,49,0.2079571835200208,Model2_plus_momentum,future_1w_excess_return
2026-04-12,-0.011052816060435795,49,0.0352892646891102,Model2_plus_momentum,future_1w_excess_return
2026-04-19,-0.007311385588731269,49,0.2765294643782882,Model2_plus_momentum,future_1w_excess_return
2026-04-26,-6.953961885855162e-05,50,0.14092969956524048,Model2_plus_momentum,future_1w_excess_return
2026-05-03,0.03326827548255562,50,0.30571892349868435,Model2_plus_momentum,future_1w_excess_return
2026-05-10,0.02818581633999381,50,0.12847460920278309,Model2_plus_momentum,future_1w_excess_return
2026-05-17,-0.007201483852166957,49,0.3534773604022279,Model2_plus_momentum,future_1w_excess_return
2026-05-24,0.008177150322435971,49,0.28726697956724156,Model2_plus_momentum,future_1w_excess_return
2026-05-31,-0.007062115974367823,49,0.14708787139080648,Model2_plus_momentum,future_1w_excess_return
2026-06-07,-0.01226558112955347,49,0.2868906521529777,Model2_plus_momentum,future_1w_excess_return
2026-06-14,-0.0029431120400411643,49,0.04736388592763319,Model2_plus_momentum,future_1w_excess_return
2026-06-21,-0.001973387245420139,50,0.06190167903600918,Model2_plus_momentum,future_1w_excess_return
2026-06-28,-0.013266226850457676,50,0.09352566400195039,Model2_plus_momentum,future_1w_excess_return
2026-07-05,0.015159036447555887,50,0.17420818687802764,Model2_plus_momentum,future_1w_excess_return
2026-07-12,0.002943058575206922,50,0.291802190293046,Model2_plus_momentum,future_1w_excess_return
2026-07-19,0.007617205059146059,49,0.12052215874790861,Model2_plus_momentum,future_1w_excess_return
2022-01-09,0.01718838708547349,43,0.3073683786513344,Model2_plus_momentum,future_2w_excess_return
2022-01-16,-0.003871145633390468,43,0.04828839696102005,Model2_plus_momentum,future_2w_excess_return
2022-01-23,0.0016510874906837478,43,0.13552628429402058,Model2_plus_momentum,future_2w_excess_return
2022-01-30,0.008641448559918743,43,0.39174461429491436,Model2_plus_momentum,future_2w_excess_return
2022-02-06,0.007131027533577028,43,0.3846396669783346,Model2_plus_momentum,future_2w_excess_return
2022-02-13,0.000843164135076295,43,0.07672829473067155,Model2_plus_momentum,future_2w_excess_return
2022-02-20,-3.934231975042529e-05,44,0.010008187476598485,Model2_plus_momentum,future_2w_excess_return
2022-02-27,0.004127174137795277,44,0.005370750303477445,Model2_plus_momentum,future_2w_excess_return
2022-03-06,0.007066482730915892,44,0.16826709291463504,Model2_plus_momentum,future_2w_excess_return
2022-03-13,0.009851047909928327,44,0.32565652894880914,Model2_plus_momentum,future_2w_excess_return
2022-03-20,0.010718144384548994,44,0.11745622803720623,Model2_plus_momentum,future_2w_excess_return
2022-03-27,0.004721029840515052,44,0.11462962589268766,Model2_plus_momentum,future_2w_excess_return
2022-04-03,-0.0029392200715272557,44,0.16094115759852956,Model2_plus_momentum,future_2w_excess_return
2022-04-10,-0.0001449983030286147,44,0.10326610427517324,Model2_plus_momentum,future_2w_excess_return
2022-04-17,0.006512559969564245,44,0.07804310070683818,Model2_plus_momentum,future_2w_excess_return
2022-04-24,-0.005437264647295362,44,0.035809486233702836,Model2_plus_momentum,future_2w_excess_return
2022-05-01,-0.01059451524123526,44,0.2679219188035429,Model2_plus_momentum,future_2w_excess_return
2022-05-08,0.004176664466431583,44,0.13846077048043004,Model2_plus_momentum,future_2w_excess_return
2022-05-15,-0.02241785228910209,44,0.20834239489901285,Model2_plus_momentum,future_2w_excess_return
2022-05-22,-0.006120540070471192,44,0.08651159979275391,Model2_plus_momentum,future_2w_excess_return
2022-05-29,-0.0012018758418054056,44,0.02696304398267768,Model2_plus_momentum,future_2w_excess_return
2022-06-05,0.020162711427910582,44,0.173083635639256,Model2_plus_momentum,future_2w_excess_return
2022-06-12,-0.01099645382523521,44,0.024711554135624203,Model2_plus_momentum,future_2w_excess_return
2022-06-19,0.014344553860586213,44,0.07943742807539034,Model2_plus_momentum,future_2w_excess_return
2022-06-26,-0.01719146653215415,44,0.06059080315406762,Model2_plus_momentum,future_2w_excess_return
2022-07-03,0.005727073868155949,44,0.1432489886058299,Model2_plus_momentum,future_2w_excess_return
2022-07-10,-0.007614120662510618,44,0.15742621701565473,Model2_plus_momentum,future_2w_excess_return
2022-07-17,-0.002929069906920178,46,0.08358606276994907,Model2_plus_momentum,future_2w_excess_return
2022-07-24,-0.0012144457909355477,46,0.06500943317029895,Model2_plus_momentum,future_2w_excess_return
2022-07-31,0.01574822967016154,46,0.1058691100917476,Model2_plus_momentum,future_2w_excess_return
2022-08-07,0.018853197312888016,46,0.22540734144983865,Model2_plus_momentum,future_2w_excess_return
2022-08-14,0.005505871280756384,46,0.014794291540592086,Model2_plus_momentum,future_2w_excess_return
2022-08-21,8.022299804169575e-05,46,0.16473674009236694,Model2_plus_momentum,future_2w_excess_return
2022-08-28,-0.03178986348302734,46,0.03907271737153273,Model2_plus_momentum,future_2w_excess_return
2022-09-04,-0.00641128879705237,46,0.038306701885008176,Model2_plus_momentum,future_2w_excess_return
2022-09-11,-0.00017154414228100212,46,0.10588990085666061,Model2_plus_momentum,future_2w_excess_return
2022-09-18,0.01565611400143941,46,0.13243179483612044,Model2_plus_momentum,future_2w_excess_return
2022-09-25,-0.02589200802725666,46,0.07564701858784761,Model2_plus_momentum,future_2w_excess_return
2022-10-02,-0.018176215702427185,47,0.157014148762035,Model2_plus_momentum,future_2w_excess_return
2022-10-09,-0.026733857648411477,47,0.22691282072468033,Model2_plus_momentum,future_2w_excess_return
2022-10-16,-0.0018986076656835951,47,0.054432468224001274,Model2_plus_momentum,future_2w_excess_return
2022-10-23,-0.010510805296568893,47,0.3390295410212282,Model2_plus_momentum,future_2w_excess_return
2022-10-30,-0.019741425834393977,47,0.055697026939033,Model2_plus_momentum,future_2w_excess_return
2022-11-06,0.03034240807727815,47,0.21291164370040694,Model2_plus_momentum,future_2w_excess_return
2022-11-13,-0.001467523823755229,47,0.04390188079786239,Model2_plus_momentum,future_2w_excess_return
2022-11-20,-0.008902192657135856,47,0.0654902464804572,Model2_plus_momentum,future_2w_excess_return
2022-11-27,0.00849364652840153,47,0.09564193604125515,Model2_plus_momentum,future_2w_excess_return
2022-12-04,-0.026462276585730606,47,0.23398774977708658,Model2_plus_momentum,future_2w_excess_return
2022-12-11,0.004448445030944721,48,0.048317317892696776,Model2_plus_momentum,future_2w_excess_return
2022-12-18,-0.005592911971596035,48,0.14372045717373627,Model2_plus_momentum,future_2w_excess_return
2022-12-25,0.005399447046604444,47,0.42918504668277624,Model2_plus_momentum,future_2w_excess_return
2023-01-01,0.0015901855824630648,47,0.2553990898316546,Model2_plus_momentum,future_2w_excess_return
2023-01-08,0.0007817417999362425,47,0.04180168961986852,Model2_plus_momentum,future_2w_excess_return
2023-01-15,-0.011201667688035287,47,0.1612792469474118,Model2_plus_momentum,future_2w_excess_return
2023-01-22,0.006173570495226825,47,0.11246328096317981,Model2_plus_momentum,future_2w_excess_return
2023-01-29,0.006614524818739691,47,0.09842661478210268,Model2_plus_momentum,future_2w_excess_return
2023-02-05,-0.0034993478298252405,47,0.031187235255684675,Model2_plus_momentum,future_2w_excess_return
2023-02-12,-0.008283739601585169,47,0.06534024755295786,Model2_plus_momentum,future_2w_excess_return
2023-02-19,-0.004982437689266969,48,0.13694407807749787,Model2_plus_momentum,future_2w_excess_return
2023-02-26,-0.015522556160571008,48,0.08722216517083303,Model2_plus_momentum,future_2w_excess_return
2023-03-05,-0.003779073024317632,48,0.06704706841320784,Model2_plus_momentum,future_2w_excess_return
2023-03-12,0.03489746263288887,48,0.08466985387144277,Model2_plus_momentum,future_2w_excess_return
2023-03-19,0.008202258252285995,48,0.016065161872223066,Model2_plus_momentum,future_2w_excess_return
2023-03-26,0.002499050858318405,48,0.04845450591539102,Model2_plus_momentum,future_2w_excess_return
2023-04-02,0.0024757827937479937,48,0.10131120801329008,Model2_plus_momentum,future_2w_excess_return
2023-04-09,0.008259252316848112,48,0.23514402929156308,Model2_plus_momentum,future_2w_excess_return
2023-04-16,0.0013970809373622436,48,0.1758936461375077,Model2_plus_momentum,future_2w_excess_return
2023-04-23,0.013836548701728554,48,0.16482115290610833,Model2_plus_momentum,future_2w_excess_return
2023-04-30,0.015635362441231364,48,0.09254796286716693,Model2_plus_momentum,future_2w_excess_return
2023-05-07,0.01046329918479975,48,0.01979954428475683,Model2_plus_momentum,future_2w_excess_return
2023-05-14,0.005921244939164752,48,0.3733026176938522,Model2_plus_momentum,future_2w_excess_return
2023-05-21,0.010261359412043383,48,0.32396147199182745,Model2_plus_momentum,future_2w_excess_return
2023-05-28,0.025906264280908545,48,0.4060609399111945,Model2_plus_momentum,future_2w_excess_return
2023-06-04,0.01637579084660426,49,0.38298831668717637,Model2_plus_momentum,future_2w_excess_return
2023-06-11,0.00021034573076750274,49,0.33012902492842744,Model2_plus_momentum,future_2w_excess_return
2023-06-18,-0.011245901838348463,49,0.0983754182006279,Model2_plus_momentum,future_2w_excess_return
2023-06-25,-0.011461031113463208,49,0.27613416743028485,Model2_plus_momentum,future_2w_excess_return
2023-07-02,0.03016465571034649,49,0.4486082851408696,Model2_plus_momentum,future_2w_excess_return
2023-07-09,0.031140165042627593,49,0.6132314254877884,Model2_plus_momentum,future_2w_excess_return
2023-07-16,-0.011799803794090291,48,0.15804901376583658,Model2_plus_momentum,future_2w_excess_return
2023-07-23,0.003937152033083705,48,0.2930642323672369,Model2_plus_momentum,future_2w_excess_return
2023-07-30,-0.0026447569644365634,48,0.21135499965969873,Model2_plus_momentum,future_2w_excess_return
2023-08-06,-0.0033944619169335374,48,0.07692883513659943,Model2_plus_momentum,future_2w_excess_return
2023-08-13,-0.002218255161545321,48,0.07025566576256004,Model2_plus_momentum,future_2w_excess_return
2023-08-20,-0.009933061289182622,48,0.16914816010728395,Model2_plus_momentum,future_2w_excess_return
2023-08-27,0.0041845720810301905,48,0.2238842079396527,Model2_plus_momentum,future_2w_excess_return
2023-09-03,-0.007502248937291248,48,0.4507935266249702,Model2_plus_momentum,future_2w_excess_return
2023-09-10,-0.005597589948991573,48,0.2023384337297125,Model2_plus_momentum,future_2w_excess_return
2023-09-17,-0.0019920026447096256,48,0.6873073626009327,Model2_plus_momentum,future_2w_excess_return
2023-09-24,0.0016183389108104587,48,0.19850973662959737,Model2_plus_momentum,future_2w_excess_return
2023-10-01,0.0020695195801299776,48,0.17968065344524553,Model2_plus_momentum,future_2w_excess_return
2023-10-08,-0.00877172780405762,48,0.07707468944263385,Model2_plus_momentum,future_2w_excess_return
2023-10-15,-0.007319070192195992,47,0.04611516732044296,Model2_plus_momentum,future_2w_excess_return
2023-10-22,-0.005247291164750569,47,0.04217207991760108,Model2_plus_momentum,future_2w_excess_return
2023-10-29,0.023027934132984273,47,0.25801743118822706,Model2_plus_momentum,future_2w_excess_return
2023-11-05,0.005519239516373342,47,0.1877833079107707,Model2_plus_momentum,future_2w_excess_return
2023-11-12,-0.011564803756382979,47,0.09446090000726526,Model2_plus_momentum,future_2w_excess_return
2023-11-19,-0.0024138900260922275,47,0.11204186573962671,Model2_plus_momentum,future_2w_excess_return
2023-11-26,-0.0026627787886681583,47,0.009850522287380703,Model2_plus_momentum,future_2w_excess_return
2023-12-03,-0.003559209218889364,47,0.02108832578619524,Model2_plus_momentum,future_2w_excess_return
2023-12-10,-0.011190371501077347,47,0.11249191969311312,Model2_plus_momentum,future_2w_excess_return
2023-12-17,0.0024339077158295076,48,0.07203678197901398,Model2_plus_momentum,future_2w_excess_return
2023-12-24,-0.01881528765412011,48,0.3412395576191932,Model2_plus_momentum,future_2w_excess_return
2023-12-31,0.002486103860351252,48,0.051326757105281784,Model2_plus_momentum,future_2w_excess_return
2024-01-07,-0.0017586914732455675,48,0.1284730555659087,Model2_plus_momentum,future_2w_excess_return
2024-01-14,0.011291044230542377,48,0.11274250867638358,Model2_plus_momentum,future_2w_excess_return
2024-01-21,0.005183699603760708,48,0.1456091543265453,Model2_plus_momentum,future_2w_excess_return
2024-01-28,0.0032464875364980293,49,0.43847733890017593,Model2_plus_momentum,future_2w_excess_return
2024-02-04,-0.008794611724678705,49,0.08421974560178191,Model2_plus_momentum,future_2w_excess_return
2024-02-11,0.008965256397124696,49,0.1730579388720409,Model2_plus_momentum,future_2w_excess_return
2024-02-18,0.002036116994983841,49,0.13490365882415079,Model2_plus_momentum,future_2w_excess_return
2024-02-25,-0.0033824701068792505,49,0.12597299272205242,Model2_plus_momentum,future_2w_excess_return
2024-03-03,0.007813110791698228,49,0.0204323170668409,Model2_plus_momentum,future_2w_excess_return
2024-03-10,-0.014813697918985472,49,0.09764747091021819,Model2_plus_momentum,future_2w_excess_return
2024-03-17,-0.0028453114362475065,49,0.14744462476327724,Model2_plus_momentum,future_2w_excess_return
2024-03-24,0.004085549781515484,49,0.013456349235438592,Model2_plus_momentum,future_2w_excess_return
2024-03-31,-0.02168487026206504,49,0.23640085925047283,Model2_plus_momentum,future_2w_excess_return
2024-04-07,-0.030273258741358375,49,0.338924856850223,Model2_plus_momentum,future_2w_excess_return
2024-04-14,-0.003725499854419806,49,0.08477959287790748,Model2_plus_momentum,future_2w_excess_return
2024-04-21,-0.0064428887618023095,49,0.060202408476157765,Model2_plus_momentum,future_2w_excess_return
2024-04-28,-0.008345402477912309,49,0.18281835843765215,Model2_plus_momentum,future_2w_excess_return
2024-05-05,-0.010458272419316468,49,0.0888457188734707,Model2_plus_momentum,future_2w_excess_return
2024-05-12,0.022376015927537747,49,0.09217160046336736,Model2_plus_momentum,future_2w_excess_return
2024-05-19,0.006998177312254758,49,0.13323916593686214,Model2_plus_momentum,future_2w_excess_return
2024-05-26,0.006612486533813084,48,0.06515992524981906,Model2_plus_momentum,future_2w_excess_return
2024-06-02,0.000729158486444427,48,0.05801085161678121,Model2_plus_momentum,future_2w_excess_return
2024-06-09,0.006726478327158062,48,0.05168949790225086,Model2_plus_momentum,future_2w_excess_return
2024-06-16,-0.0002650438965291468,48,0.07191653774761564,Model2_plus_momentum,future_2w_excess_return
2024-06-23,-0.005701982667992301,49,0.39179238468584365,Model2_plus_momentum,future_2w_excess_return
2024-06-30,-0.009395709242498777,49,0.3356683518054746,Model2_plus_momentum,future_2w_excess_return
2024-07-07,0.01094960713122578,49,0.42402497125711136,Model2_plus_momentum,future_2w_excess_return
2024-07-14,0.003997592215853458,49,0.09380848090195115,Model2_plus_momentum,future_2w_excess_return
2024-07-21,0.0013825175452235848,48,0.011812142392243485,Model2_plus_momentum,future_2w_excess_return
2024-07-28,-0.014793380701221642,49,0.2877232259405007,Model2_plus_momentum,future_2w_excess_return
2024-08-04,-0.009066563130125077,49,0.4568076979541478,Model2_plus_momentum,future_2w_excess_return
2024-08-11,-0.005274713749064706,49,0.06332265761448785,Model2_plus_momentum,future_2w_excess_return
2024-08-18,-0.003704442972034795,50,0.1854073325496629,Model2_plus_momentum,future_2w_excess_return
2024-08-25,-0.006204179928447603,50,0.17672820736640404,Model2_plus_momentum,future_2w_excess_return
2024-09-01,-0.004052812840970134,50,0.00900010413438801,Model2_plus_momentum,future_2w_excess_return
2024-09-08,0.0069866871596815025,50,0.06258820712898772,Model2_plus_momentum,future_2w_excess_return
2024-09-15,0.009061172534974004,50,0.059525896672023126,Model2_plus_momentum,future_2w_excess_return
2024-09-22,0.01772764535608656,49,0.1404373935541393,Model2_plus_momentum,future_2w_excess_return
2024-09-29,0.0020119000703049212,49,0.04783812430518142,Model2_plus_momentum,future_2w_excess_return
2024-10-06,-0.0017983734639397814,49,0.05422381291576228,Model2_plus_momentum,future_2w_excess_return
2024-10-13,0.005391123917515777,49,0.03843310912977371,Model2_plus_momentum,future_2w_excess_return
2024-10-20,-0.001669634944240736,49,0.011826488608910113,Model2_plus_momentum,future_2w_excess_return
2024-10-27,0.017751117578487897,49,0.1414286946529657,Model2_plus_momentum,future_2w_excess_return
2024-11-03,-0.00919107260897679,49,0.07411468090896,Model2_plus_momentum,future_2w_excess_return
2024-11-10,-0.0022595208820253673,49,0.005247759408074759,Model2_plus_momentum,future_2w_excess_return
2024-11-17,0.011475030017842159,49,0.2217350610583253,Model2_plus_momentum,future_2w_excess_return
2024-11-24,0.0073174788492937765,49,0.427622999870528,Model2_plus_momentum,future_2w_excess_return
2024-12-01,-0.0028118479451568618,49,0.32372306883214574,Model2_plus_momentum,future_2w_excess_return
2024-12-08,-0.0021221976225560615,49,0.29270600873049435,Model2_plus_momentum,future_2w_excess_return
2024-12-15,-0.00815185203941499,49,0.13258248010178653,Model2_plus_momentum,future_2w_excess_return
2024-12-22,0.00023264460499210595,49,0.022788403779777755,Model2_plus_momentum,future_2w_excess_return
2024-12-29,-0.005776730124577901,49,0.07513792477600312,Model2_plus_momentum,future_2w_excess_return
2025-01-05,0.016883728297895917,49,0.17823589255008432,Model2_plus_momentum,future_2w_excess_return
2025-01-12,-0.0034737969886311122,49,0.10595278516174511,Model2_plus_momentum,future_2w_excess_return
2025-01-19,-0.0071833329128563675,49,0.1319793580546924,Model2_plus_momentum,future_2w_excess_return
2025-01-26,-0.006823790636930439,49,0.04437336468373876,Model2_plus_momentum,future_2w_excess_return
2025-02-02,-0.005391225646290916,49,0.04196229884644387,Model2_plus_momentum,future_2w_excess_return
2025-02-09,-0.0010637284059418078,49,0.5285819019066301,Model2_plus_momentum,future_2w_excess_return
2025-02-16,-0.012608576926982034,49,0.16008373072919324,Model2_plus_momentum,future_2w_excess_return
2025-02-23,-0.003083387097208602,49,0.20180990764865192,Model2_plus_momentum,future_2w_excess_return
2025-03-02,0.0020073918423188855,49,0.3949485926687747,Model2_plus_momentum,future_2w_excess_return
2025-03-09,0.0012262605961779502,49,0.1788034970949316,Model2_plus_momentum,future_2w_excess_return
2025-03-16,-0.004502568847230695,49,0.05920239657747428,Model2_plus_momentum,future_2w_excess_return
2025-03-23,7.77470699382457e-05,49,0.09854040163457989,Model2_plus_momentum,future_2w_excess_return
2025-03-30,-0.0009722344756194073,49,0.09965391187398553,Model2_plus_momentum,future_2w_excess_return
2025-04-06,-0.019506403145395885,49,0.05302313465018105,Model2_plus_momentum,future_2w_excess_return
2025-04-13,0.007661765221172588,49,0.30538258352660863,Model2_plus_momentum,future_2w_excess_return
2025-04-20,-0.007979474562006003,48,0.4473382246382398,Model2_plus_momentum,future_2w_excess_return
2025-04-27,-0.010462995971822403,48,0.2256994076659843,Model2_plus_momentum,future_2w_excess_return
2025-05-04,0.01884176583104468,48,0.10267669450153194,Model2_plus_momentum,future_2w_excess_return
2025-05-11,-0.0026675006747012633,48,0.10840219790916528,Model2_plus_momentum,future_2w_excess_return
2025-05-18,0.00028494395649286686,49,0.2873229143824848,Model2_plus_momentum,future_2w_excess_return
2025-05-25,0.022512302136648385,49,0.09679960982270508,Model2_plus_momentum,future_2w_excess_return
2025-06-01,-0.011514805969756327,49,0.060254362776429704,Model2_plus_momentum,future_2w_excess_return
2025-06-08,0.010003922187476755,49,0.3042926081824996,Model2_plus_momentum,future_2w_excess_return
2025-06-15,0.001088413060801048,49,0.04232373863633776,Model2_plus_momentum,future_2w_excess_return
2025-06-22,-0.015383326424972477,49,0.05802881041692076,Model2_plus_momentum,future_2w_excess_return
2025-06-29,-0.024380648171292398,49,0.15919216356944577,Model2_plus_momentum,future_2w_excess_return
2025-07-06,-0.03976693192178763,48,0.30442574753550333,Model2_plus_momentum,future_2w_excess_return
2025-07-13,-0.005636108520661848,48,0.017833285184531977,Model2_plus_momentum,future_2w_excess_return
2025-07-20,-0.001046310155393873,49,0.1468958489010811,Model2_plus_momentum,future_2w_excess_return
2025-07-27,0.008961936799495807,49,0.44901379589621293,Model2_plus_momentum,future_2w_excess_return
2025-08-03,0.034998575873517374,49,0.22285828721526213,Model2_plus_momentum,future_2w_excess_return
2025-08-10,0.019775929363095048,49,0.01945273640669487,Model2_plus_momentum,future_2w_excess_return
2025-08-17,0.0033727312376686316,49,0.083507319959506,Model2_plus_momentum,future_2w_excess_return
2025-08-24,0.01731984270203815,49,0.10691227843567475,Model2_plus_momentum,future_2w_excess_return
2025-08-31,0.028122300724588514,49,0.08412409230636397,Model2_plus_momentum,future_2w_excess_return
2025-09-07,0.06617894370487679,49,0.24098372479277697,Model2_plus_momentum,future_2w_excess_return
2025-09-14,0.008140337390818903,49,0.1375464197465155,Model2_plus_momentum,future_2w_excess_return
2025-09-21,0.011318706405452534,49,0.20639801056258533,Model2_plus_momentum,future_2w_excess_return
2025-09-28,-0.002448167206458407,49,0.24127300406694574,Model2_plus_momentum,future_2w_excess_return
2025-10-05,0.005689254130917148,49,0.08340321015695751,Model2_plus_momentum,future_2w_excess_return
2025-10-12,0.019888120192955834,49,0.5192561166772365,Model2_plus_momentum,future_2w_excess_return
2025-10-19,0.02333678380759114,49,0.2562077776806232,Model2_plus_momentum,future_2w_excess_return
2025-10-26,-0.007122191333389476,49,0.3399646689714183,Model2_plus_momentum,future_2w_excess_return
2025-11-02,0.004103611585356999,49,0.1662399271939189,Model2_plus_momentum,future_2w_excess_return
2025-11-09,-0.009119156710199264,49,0.1606738021734584,Model2_plus_momentum,future_2w_excess_return
2025-11-16,-0.0017712767210204192,49,0.19039962854481118,Model2_plus_momentum,future_2w_excess_return
2025-11-23,-0.004617890545488005,49,0.18480137241501882,Model2_plus_momentum,future_2w_excess_return
2025-11-30,-0.017005596398496695,49,0.30622265908534596,Model2_plus_momentum,future_2w_excess_return
2025-12-07,0.006285458626723058,49,0.04765508974417476,Model2_plus_momentum,future_2w_excess_return
2025-12-14,-0.0033731468940142294,49,0.08058811822072731,Model2_plus_momentum,future_2w_excess_return
2025-12-21,0.021621633237207984,49,0.3072739893001939,Model2_plus_momentum,future_2w_excess_return
2025-12-28,-0.013256104273377076,49,0.3006350627679861,Model2_plus_momentum,future_2w_excess_return
2026-01-04,0.013220574835587529,49,0.2880860306383578,Model2_plus_momentum,future_2w_excess_return
2026-01-11,0.00747380255533428,49,0.25229505471925495,Model2_plus_momentum,future_2w_excess_return
2026-01-18,0.0020346188581087474,49,0.20520794373214823,Model2_plus_momentum,future_2w_excess_return
2026-01-25,0.0065680624807217015,49,0.16823495566553404,Model2_plus_momentum,future_2w_excess_return
2026-02-01,-0.001012300313045212,49,0.12730783375575372,Model2_plus_momentum,future_2w_excess_return
2026-02-08,-0.009279219992132416,49,0.39588643780840227,Model2_plus_momentum,future_2w_excess_return
2026-02-15,-0.018701399069736065,49,0.20138261430014215,Model2_plus_momentum,future_2w_excess_return
2026-02-22,-0.016543352696261577,49,0.18616237712919226,Model2_plus_momentum,future_2w_excess_return
2026-03-01,0.0004380776616715841,49,0.21613020805428995,Model2_plus_momentum,future_2w_excess_return
2026-03-08,-0.002793465599278705,49,0.5657593526604141,Model2_plus_momentum,future_2w_excess_return
2026-03-15,-0.0035092840880502274,49,0.0633500234398332,Model2_plus_momentum,future_2w_excess_return
2026-03-22,0.009065965865682778,49,0.07510961475817723,Model2_plus_momentum,future_2w_excess_return
2026-03-29,-0.005740553239004086,49,0.37243846518251267,Model2_plus_momentum,future_2w_excess_return
2026-04-05,0.004725300970314643,49,0.10883644411068572,Model2_plus_momentum,future_2w_excess_return
2026-04-12,-0.001182265814921299,49,0.2050173558767584,Model2_plus_momentum,future_2w_excess_return
2026-04-19,0.006101188804967073,49,0.30392989511032564,Model2_plus_momentum,future_2w_excess_return
2026-04-26,-0.014673521194822894,50,0.1400866309504618,Model2_plus_momentum,future_2w_excess_return
2026-05-03,0.05339315076992765,50,0.329235980445424,Model2_plus_momentum,future_2w_excess_return
2026-05-10,0.02920906275067571,50,0.07025874788007214,Model2_plus_momentum,future_2w_excess_return
2026-05-17,-0.010883087309966226,49,0.20683515774980799,Model2_plus_momentum,future_2w_excess_return
2026-05-24,-0.01643607117651337,49,0.28413359676104755,Model2_plus_momentum,future_2w_excess_return
2026-05-31,-0.00883019211188367,49,0.11683428506196569,Model2_plus_momentum,future_2w_excess_return
2026-06-07,-0.03428191308990353,49,0.23096661215167225,Model2_plus_momentum,future_2w_excess_return
2026-06-14,-0.011246553446646396,49,0.07941467712545724,Model2_plus_momentum,future_2w_excess_return
2026-06-21,-0.014271419099353519,50,0.1583706767125953,Model2_plus_momentum,future_2w_excess_return
2026-06-28,-0.011791879184350915,50,0.15259025313716368,Model2_plus_momentum,future_2w_excess_return
2026-07-05,0.013728191583480185,50,0.34219791470929994,Model2_plus_momentum,future_2w_excess_return
2026-07-12,0.01292123530557461,50,0.18346497375082504,Model2_plus_momentum,future_2w_excess_return
2026-07-19,-0.006995578801175219,49,0.074826950450679,Model2_plus_momentum,future_2w_excess_return
2022-01-09,0.014355163428822294,43,0.21225823533125454,Model2_plus_momentum,future_4w_excess_return
2022-01-16,-0.0035511439826517287,43,0.11019065807972117,Model2_plus_momentum,future_4w_excess_return
2022-01-23,0.004007306485607813,43,0.411141529909163,Model2_plus_momentum,future_4w_excess_return
2022-01-30,0.008413992371946797,43,0.3290475089078517,Model2_plus_momentum,future_4w_excess_return
2022-02-06,0.005148512448733876,43,0.3217808347212605,Model2_plus_momentum,future_4w_excess_return
2022-02-13,-0.0036806913923418854,43,0.030286411005298053,Model2_plus_momentum,future_4w_excess_return
2022-02-20,0.005340634006586839,44,0.029247713669965036,Model2_plus_momentum,future_4w_excess_return
2022-02-27,0.023220665777069,44,0.22663800932877498,Model2_plus_momentum,future_4w_excess_return
2022-03-06,0.03580680516223046,44,0.26593241196650885,Model2_plus_momentum,future_4w_excess_return
2022-03-13,0.017366694466464487,44,0.21299290220220746,Model2_plus_momentum,future_4w_excess_return
2022-03-20,0.007863576327433452,44,0.14883922703180386,Model2_plus_momentum,future_4w_excess_return
2022-03-27,0.017038575632629387,44,0.18362498999654064,Model2_plus_momentum,future_4w_excess_return
2022-04-03,0.0008974802687459552,44,0.13787723946827857,Model2_plus_momentum,future_4w_excess_return
2022-04-10,-0.0011678770390869883,44,0.23779624674492938,Model2_plus_momentum,future_4w_excess_return
2022-04-17,0.0027953824895893074,44,0.139448781767887,Model2_plus_momentum,future_4w_excess_return
2022-04-24,-0.023787485283671132,44,0.18148924120888454,Model2_plus_momentum,future_4w_excess_return
2022-05-01,-0.01808893858024916,44,0.3000642173572262,Model2_plus_momentum,future_4w_excess_return
2022-05-08,-0.00030228995184058277,44,0.3447341169906637,Model2_plus_momentum,future_4w_excess_return
2022-05-15,-0.013699116648848994,44,0.0389668369547882,Model2_plus_momentum,future_4w_excess_return
2022-05-22,0.013559515429667185,44,0.06563941691727293,Model2_plus_momentum,future_4w_excess_return
2022-05-29,0.006794874918736857,44,0.28461051234282153,Model2_plus_momentum,future_4w_excess_return
2022-06-05,0.01004682655729651,44,0.2612578783018864,Model2_plus_momentum,future_4w_excess_return
2022-06-12,-0.031914663380255295,44,0.04896050316046763,Model2_plus_momentum,future_4w_excess_return
2022-06-19,-0.020211131992379575,44,0.014733721202714545,Model2_plus_momentum,future_4w_excess_return
2022-06-26,-0.02465744691767449,44,0.08586617977234656,Model2_plus_momentum,future_4w_excess_return
2022-07-03,0.004371349602074803,44,0.1509100393819124,Model2_plus_momentum,future_4w_excess_return
2022-07-10,-0.019114994842881632,44,0.09934739236365497,Model2_plus_momentum,future_4w_excess_return
2022-07-17,0.0076186205418243835,46,0.14267698829438547,Model2_plus_momentum,future_4w_excess_return
2022-07-24,0.013019251370644552,46,0.2761037615982772,Model2_plus_momentum,future_4w_excess_return
2022-07-31,0.017244147859160397,46,0.08571741546035982,Model2_plus_momentum,future_4w_excess_return
2022-08-07,0.02040824641786046,46,0.09810759620059595,Model2_plus_momentum,future_4w_excess_return
2022-08-14,-0.01106042442852484,46,0.07147097952584902,Model2_plus_momentum,future_4w_excess_return
2022-08-21,-0.01435813749313583,46,0.08769085973028856,Model2_plus_momentum,future_4w_excess_return
2022-08-28,-0.012299587279985303,46,0.035686315685617975,Model2_plus_momentum,future_4w_excess_return
2022-09-04,0.01726797031616766,46,0.024297269000882138,Model2_plus_momentum,future_4w_excess_return
2022-09-11,0.0019940859181872377,46,0.09594549948100406,Model2_plus_momentum,future_4w_excess_return
2022-09-18,-0.014127680998912113,46,0.07615357507435061,Model2_plus_momentum,future_4w_excess_return
2022-09-25,-0.05662772675450803,46,0.17633429640707576,Model2_plus_momentum,future_4w_excess_return
2022-10-02,-0.012327739059319451,47,0.17852978399168362,Model2_plus_momentum,future_4w_excess_return
2022-10-09,-0.013218087766001425,47,0.07803232881314881,Model2_plus_momentum,future_4w_excess_return
2022-10-16,0.01953439264881217,47,0.10787652504856027,Model2_plus_momentum,future_4w_excess_return
2022-10-23,0.007882808001886787,47,0.15545684725117204,Model2_plus_momentum,future_4w_excess_return
2022-10-30,-0.011511802739448074,47,0.04679686376835768,Model2_plus_momentum,future_4w_excess_return
2022-11-06,0.0231303184132818,47,0.16160680314486298,Model2_plus_momentum,future_4w_excess_return
2022-11-13,-0.001547203417856094,47,0.05565379048619212,Model2_plus_momentum,future_4w_excess_return
2022-11-20,-0.009924389772836502,47,0.06481960857779634,Model2_plus_momentum,future_4w_excess_return
2022-11-27,-0.0004906743695275995,47,0.1070224931737832,Model2_plus_momentum,future_4w_excess_return
2022-12-04,-0.04148368075241321,47,0.24101364035379047,Model2_plus_momentum,future_4w_excess_return
2022-12-11,0.005972635882271454,48,0.04869628666111303,Model2_plus_momentum,future_4w_excess_return
2022-12-18,0.005376792941751205,48,0.06527856127167564,Model2_plus_momentum,future_4w_excess_return
2022-12-25,0.002003644452805528,47,0.4154844819112715,Model2_plus_momentum,future_4w_excess_return
2023-01-01,-0.0003995844793154846,47,0.2937057224717847,Model2_plus_momentum,future_4w_excess_return
2023-01-08,0.004526284907308279,47,0.11572940924026998,Model2_plus_momentum,future_4w_excess_return
2023-01-15,-0.00044534753507933546,47,0.04353958332832797,Model2_plus_momentum,future_4w_excess_return
2023-01-22,0.008409819868310985,47,0.18018268772845303,Model2_plus_momentum,future_4w_excess_return
2023-01-29,0.0035671605297836265,47,0.16082031148320974,Model2_plus_momentum,future_4w_excess_return
2023-02-05,0.00811665308611611,47,0.04269781705529352,Model2_plus_momentum,future_4w_excess_return
2023-02-12,-0.000433487736434493,47,0.08239278962826901,Model2_plus_momentum,future_4w_excess_return
2023-02-19,-0.0004522442244845326,48,0.10773748147733064,Model2_plus_momentum,future_4w_excess_return
2023-02-26,-0.009328469187304012,48,0.15069529113750368,Model2_plus_momentum,future_4w_excess_return
2023-03-05,0.0009676815772415998,48,0.07902421344898214,Model2_plus_momentum,future_4w_excess_return
2023-03-12,0.044802715788822695,48,0.10386047840084767,Model2_plus_momentum,future_4w_excess_return
2023-03-19,0.0054316724069562485,48,0.007168305982465539,Model2_plus_momentum,future_4w_excess_return
2023-03-26,0.002924946750839097,48,0.08173843797523717,Model2_plus_momentum,future_4w_excess_return
2023-04-02,0.013830561191342919,48,0.2826640159647189,Model2_plus_momentum,future_4w_excess_return
2023-04-09,0.016805535641292974,48,0.33591624847449597,Model2_plus_momentum,future_4w_excess_return
2023-04-16,0.009830841904642553,48,0.039400068521569076,Model2_plus_momentum,future_4w_excess_return
2023-04-23,0.024626461481491287,48,0.13832232300553693,Model2_plus_momentum,future_4w_excess_return
2023-04-30,0.022371857493887815,48,0.21959877116000615,Model2_plus_momentum,future_4w_excess_return
2023-05-07,0.03940283238294437,48,0.26423288178039417,Model2_plus_momentum,future_4w_excess_return
2023-05-14,0.006004918697886531,48,0.21438455012396251,Model2_plus_momentum,future_4w_excess_return
2023-05-21,0.03746458103303457,48,0.4012378700904937,Model2_plus_momentum,future_4w_excess_return
2023-05-28,0.0049037056975244075,48,0.26503059312969335,Model2_plus_momentum,future_4w_excess_return
2023-06-04,0.011881410886887989,49,0.2995254494701234,Model2_plus_momentum,future_4w_excess_return
2023-06-11,0.005280947628631877,49,0.4415852596875226,Model2_plus_momentum,future_4w_excess_return
2023-06-18,0.014812824995593943,49,0.33943135739250974,Model2_plus_momentum,future_4w_excess_return
2023-06-25,-0.0153776306642181,49,0.5901886045700776,Model2_plus_momentum,future_4w_excess_return
2023-07-02,0.026487317964443924,49,0.46360739480392044,Model2_plus_momentum,future_4w_excess_return
2023-07-09,0.025412869214715694,49,0.3580567920348867,Model2_plus_momentum,future_4w_excess_return
2023-07-16,-0.012983191716553481,48,0.038444547136419205,Model2_plus_momentum,future_4w_excess_return
2023-07-23,0.0018748982749345767,48,0.0893287386376741,Model2_plus_momentum,future_4w_excess_return
2023-07-30,0.003932328303033341,48,0.004806017072927715,Model2_plus_momentum,future_4w_excess_return
2023-08-06,-0.010507015744379488,48,0.012220619918067,Model2_plus_momentum,future_4w_excess_return
2023-08-13,-0.008451829058808018,48,0.01156540279256002,Model2_plus_momentum,future_4w_excess_return
2023-08-20,-0.019791615081862834,48,0.3783673941779363,Model2_plus_momentum,future_4w_excess_return
2023-08-27,0.0018236850343101157,48,0.25811076421479073,Model2_plus_momentum,future_4w_excess_return
2023-09-03,-0.014646889179867926,48,0.2859104237126655,Model2_plus_momentum,future_4w_excess_return
2023-09-10,-0.004660014309422502,48,0.3014283388115676,Model2_plus_momentum,future_4w_excess_return
2023-09-17,-0.01806123218627209,48,0.24584666317281367,Model2_plus_momentum,future_4w_excess_return
2023-09-24,0.008942251783230697,48,0.10873724105848637,Model2_plus_momentum,future_4w_excess_return
2023-10-01,0.003015585043163113,48,0.4741046232163729,Model2_plus_momentum,future_4w_excess_return
2023-10-08,-0.0033165636843908095,48,0.16493928291687954,Model2_plus_momentum,future_4w_excess_return
2023-10-15,-0.004940800103339221,47,0.10958870298026258,Model2_plus_momentum,future_4w_excess_return
2023-10-22,-0.008871627141417896,47,0.11046901362634931,Model2_plus_momentum,future_4w_excess_return
2023-10-29,-0.008310331569580415,47,0.08075812927238535,Model2_plus_momentum,future_4w_excess_return
2023-11-05,-0.00012779985841984004,47,0.0070857372436102795,Model2_plus_momentum,future_4w_excess_return
2023-11-12,-0.01678766265419589,47,0.08269085597935733,Model2_plus_momentum,future_4w_excess_return
2023-11-19,0.0024316990184309606,47,0.05998884093864876,Model2_plus_momentum,future_4w_excess_return
2023-11-26,-0.008252537518562447,47,0.05971943874438013,Model2_plus_momentum,future_4w_excess_return
2023-12-03,-0.004791669586738712,47,0.02347802517926212,Model2_plus_momentum,future_4w_excess_return
2023-12-10,-0.025758466811893255,47,0.19295005994949144,Model2_plus_momentum,future_4w_excess_return
2023-12-17,0.01215804811454986,48,0.11661244773922741,Model2_plus_momentum,future_4w_excess_return
2023-12-24,0.013152032810193106,48,0.058945013677365155,Model2_plus_momentum,future_4w_excess_return
2023-12-31,0.0049160659837670095,48,0.13113295881660803,Model2_plus_momentum,future_4w_excess_return
2024-01-07,-0.008395158241673042,48,0.13241809068835786,Model2_plus_momentum,future_4w_excess_return
2024-01-14,0.01219569252975404,48,0.17713195749324973,Model2_plus_momentum,future_4w_excess_return
2024-01-21,-0.0051431861463468245,48,0.1634509184268763,Model2_plus_momentum,future_4w_excess_return
2024-01-28,0.012541752877597123,49,0.20478589308296113,Model2_plus_momentum,future_4w_excess_return
2024-02-04,-0.0078001758096815504,49,0.11330775249752978,Model2_plus_momentum,future_4w_excess_return
2024-02-11,-0.009161265928377014,49,0.1485775034210608,Model2_plus_momentum,future_4w_excess_return
2024-02-18,-0.006595975653243704,49,0.014913477703495603,Model2_plus_momentum,future_4w_excess_return
2024-02-25,-0.005560484361636693,49,0.005523224325557852,Model2_plus_momentum,future_4w_excess_return
2024-03-03,0.0038892471187070565,49,0.06125100290530561,Model2_plus_momentum,future_4w_excess_return
2024-03-10,-0.009630327877295296,49,0.041184568707950064,Model2_plus_momentum,future_4w_excess_return
2024-03-17,-0.0035046464658940613,49,0.09281303068570823,Model2_plus_momentum,future_4w_excess_return
2024-03-24,0.0019793059338758176,49,0.12740607225628564,Model2_plus_momentum,future_4w_excess_return
2024-03-31,-0.018099194226473395,49,0.10422144955651025,Model2_plus_momentum,future_4w_excess_return
2024-04-07,-0.03168019349539438,49,0.16952183250338626,Model2_plus_momentum,future_4w_excess_return
2024-04-14,-0.05026826642890754,49,0.1753018027731813,Model2_plus_momentum,future_4w_excess_return
2024-04-21,-0.02229702533208662,49,0.06739927192770079,Model2_plus_momentum,future_4w_excess_return
2024-04-28,-0.0020869045783587087,49,0.0902366326928622,Model2_plus_momentum,future_4w_excess_return
2024-05-05,-0.01128263952570431,49,0.06906343373294421,Model2_plus_momentum,future_4w_excess_return
2024-05-12,0.016940011685759856,49,0.19184194414349065,Model2_plus_momentum,future_4w_excess_return
2024-05-19,0.013355055424567441,49,0.18121836822781756,Model2_plus_momentum,future_4w_excess_return
2024-05-26,0.004312240432624213,48,0.0920768753416783,Model2_plus_momentum,future_4w_excess_return
2024-06-02,0.0038994081092688215,48,0.049257530984225695,Model2_plus_momentum,future_4w_excess_return
2024-06-09,0.010407897088005155,48,0.16415486496287646,Model2_plus_momentum,future_4w_excess_return
2024-06-16,-0.0012850448197810616,48,0.25366180356698065,Model2_plus_momentum,future_4w_excess_return
2024-06-23,-0.004658323941075147,49,0.37832523979167765,Model2_plus_momentum,future_4w_excess_return
2024-06-30,-0.012590437786248503,49,0.169220633570086,Model2_plus_momentum,future_4w_excess_return
2024-07-07,0.005562452154061336,49,0.2603140937813758,Model2_plus_momentum,future_4w_excess_return
2024-07-14,0.0009854186989727374,49,0.07485297669384994,Model2_plus_momentum,future_4w_excess_return
2024-07-21,0.009579393221829872,48,0.1640850835141402,Model2_plus_momentum,future_4w_excess_return
2024-07-28,-0.0236392741398606,49,0.26039456737181854,Model2_plus_momentum,future_4w_excess_return
2024-08-04,-0.004185131219459043,49,0.31125086068589725,Model2_plus_momentum,future_4w_excess_return
2024-08-11,-0.015399743666895976,49,0.19831784892824078,Model2_plus_momentum,future_4w_excess_return
2024-08-18,0.006340368881240779,50,0.20874884180282882,Model2_plus_momentum,future_4w_excess_return
2024-08-25,-0.00228467179246317,50,0.044459815717211804,Model2_plus_momentum,future_4w_excess_return
2024-09-01,0.003098972060258047,50,0.08305269120249181,Model2_plus_momentum,future_4w_excess_return
2024-09-08,0.015581882436687539,50,0.18952900572154507,Model2_plus_momentum,future_4w_excess_return
2024-09-15,0.014852942300061988,50,0.07190254076334468,Model2_plus_momentum,future_4w_excess_return
2024-09-22,0.005049986060919262,49,0.1434581011806897,Model2_plus_momentum,future_4w_excess_return
2024-09-29,-0.0004728095326356069,49,0.06623929364668735,Model2_plus_momentum,future_4w_excess_return
2024-10-06,-0.007932925817760714,49,0.04939770332226634,Model2_plus_momentum,future_4w_excess_return
2024-10-13,0.009409593596536819,49,0.014575176146705116,Model2_plus_momentum,future_4w_excess_return
2024-10-20,-0.003991659213036318,49,0.05277929697480166,Model2_plus_momentum,future_4w_excess_return
2024-10-27,0.005837872558488916,49,0.08327561819081508,Model2_plus_momentum,future_4w_excess_return
2024-11-03,-0.009593701052573275,49,0.18487197302397995,Model2_plus_momentum,future_4w_excess_return
2024-11-10,0.014500480587417377,49,0.044870247522025064,Model2_plus_momentum,future_4w_excess_return
2024-11-17,-0.007717239009949569,49,0.22298912399181303,Model2_plus_momentum,future_4w_excess_return
2024-11-24,0.01514633498789212,49,0.3799117621600504,Model2_plus_momentum,future_4w_excess_return
2024-12-01,-0.0038371671662721374,49,0.336715708004965,Model2_plus_momentum,future_4w_excess_return
2024-12-08,-0.0009848415865511204,49,0.3192685802523463,Model2_plus_momentum,future_4w_excess_return
2024-12-15,-0.017845952280662315,49,0.11044484787984266,Model2_plus_momentum,future_4w_excess_return
2024-12-22,-0.008347452310241926,49,0.027187994415835304,Model2_plus_momentum,future_4w_excess_return
2024-12-29,-0.0044268884398492095,49,0.12656332846113083,Model2_plus_momentum,future_4w_excess_return
2025-01-05,0.009742325736239094,49,0.13241214073522556,Model2_plus_momentum,future_4w_excess_return
2025-01-12,-0.005676986092119828,49,0.04830311623445005,Model2_plus_momentum,future_4w_excess_return
2025-01-19,-0.004548582680720923,49,0.05617787779105887,Model2_plus_momentum,future_4w_excess_return
2025-01-26,-0.027457411610750316,49,0.11142991040742944,Model2_plus_momentum,future_4w_excess_return
2025-02-02,-0.0209328803654217,49,0.08992033524537169,Model2_plus_momentum,future_4w_excess_return
2025-02-09,-0.010111525934501594,49,0.5398616789135382,Model2_plus_momentum,future_4w_excess_return
2025-02-16,-0.01653264290874607,49,0.3495220540991859,Model2_plus_momentum,future_4w_excess_return
2025-02-23,-0.010095012706168922,49,0.12114763468282241,Model2_plus_momentum,future_4w_excess_return
2025-03-02,-0.010330287034363044,49,0.14196781172689554,Model2_plus_momentum,future_4w_excess_return
2025-03-09,-0.006955198308542473,49,0.1914507053900839,Model2_plus_momentum,future_4w_excess_return
2025-03-16,-0.001416116541769468,49,0.04491552383444353,Model2_plus_momentum,future_4w_excess_return
2025-03-23,0.001896764552870231,49,0.16412976411278435,Model2_plus_momentum,future_4w_excess_return
2025-03-30,-0.0008758260737614394,49,0.09469229871395857,Model2_plus_momentum,future_4w_excess_return
2025-04-06,-0.024611474902917957,49,0.34444401161480587,Model2_plus_momentum,future_4w_excess_return
2025-04-13,0.0014841405092538423,49,0.4072311764228467,Model2_plus_momentum,future_4w_excess_return
2025-04-20,-0.015560087173465995,48,0.22115842747904446,Model2_plus_momentum,future_4w_excess_return
2025-04-27,-0.005140913142778798,48,0.014930958307846631,Model2_plus_momentum,future_4w_excess_return
2025-05-04,0.029979273434397203,48,0.14111331699382512,Model2_plus_momentum,future_4w_excess_return
2025-05-11,0.02509527366454628,48,0.25677020065255385,Model2_plus_momentum,future_4w_excess_return
2025-05-18,0.0028454894554634236,49,0.3156920040905141,Model2_plus_momentum,future_4w_excess_return
2025-05-25,0.034541184904937156,49,0.11221275841007872,Model2_plus_momentum,future_4w_excess_return
2025-06-01,-0.011689158164219005,49,0.11632612832634215,Model2_plus_momentum,future_4w_excess_return
2025-06-08,0.0014588700325309121,49,0.04484870676881658,Model2_plus_momentum,future_4w_excess_return
2025-06-15,-0.0013730121824129318,49,0.03840705127451127,Model2_plus_momentum,future_4w_excess_return
2025-06-22,-0.029309262351864634,49,0.06597410531742509,Model2_plus_momentum,future_4w_excess_return
2025-06-29,-0.041344271534268076,49,0.13927192518642373,Model2_plus_momentum,future_4w_excess_return
2025-07-06,-0.04266989890767828,48,0.35222800255486186,Model2_plus_momentum,future_4w_excess_return
2025-07-13,0.013757954446164788,48,0.30431345640364393,Model2_plus_momentum,future_4w_excess_return
2025-07-20,0.0029141653597681283,49,0.2064867226827829,Model2_plus_momentum,future_4w_excess_return
2025-07-27,0.04333450492690505,49,0.24212824587450754,Model2_plus_momentum,future_4w_excess_return
2025-08-03,0.046773342819938536,49,0.13942168613319972,Model2_plus_momentum,future_4w_excess_return
2025-08-10,0.021025799905357113,49,0.02427911379270753,Model2_plus_momentum,future_4w_excess_return
2025-08-17,0.05169118781059115,49,0.13893228568201288,Model2_plus_momentum,future_4w_excess_return
2025-08-24,0.04857680632018687,49,0.14558670066950852,Model2_plus_momentum,future_4w_excess_return
2025-08-31,0.03688070136912238,49,0.06657320158527824,Model2_plus_momentum,future_4w_excess_return
2025-09-07,0.08015367487381718,49,0.17393708076690695,Model2_plus_momentum,future_4w_excess_return
2025-09-14,0.02814342471323923,49,0.15833516921801938,Model2_plus_momentum,future_4w_excess_return
2025-09-21,0.014445588102185082,49,0.2823138927642296,Model2_plus_momentum,future_4w_excess_return
2025-09-28,0.03875306853889651,49,0.6048149998569965,Model2_plus_momentum,future_4w_excess_return
2025-10-05,0.014105841871138287,49,0.3252998432370854,Model2_plus_momentum,future_4w_excess_return
2025-10-12,0.009789923833366049,49,0.5357630317686158,Model2_plus_momentum,future_4w_excess_return
2025-10-19,0.03224398113096387,49,0.38121485584455006,Model2_plus_momentum,future_4w_excess_return
2025-10-26,-0.021732536277805678,49,0.10468441671063267,Model2_plus_momentum,future_4w_excess_return
2025-11-02,0.004084180719409917,49,0.024505605024312982,Model2_plus_momentum,future_4w_excess_return
2025-11-09,-0.006181263476227101,49,0.012371762243400197,Model2_plus_momentum,future_4w_excess_return
2025-11-16,0.0021681674156877615,49,0.0021122384089177215,Model2_plus_momentum,future_4w_excess_return
2025-11-23,-0.005917712020057378,49,0.2763613606468791,Model2_plus_momentum,future_4w_excess_return
2025-11-30,-0.016942901062153487,49,0.3061908725866529,Model2_plus_momentum,future_4w_excess_return
2025-12-07,0.007757903997065628,49,0.3500944761419633,Model2_plus_momentum,future_4w_excess_return
2025-12-14,0.007060003050078284,49,0.39444279481341915,Model2_plus_momentum,future_4w_excess_return
2025-12-21,0.04337144689730424,49,0.43689765065583475,Model2_plus_momentum,future_4w_excess_return
2025-12-28,0.010240013357250388,49,0.3647786120400154,Model2_plus_momentum,future_4w_excess_return
2026-01-04,0.026816974088312462,49,0.33319345451866156,Model2_plus_momentum,future_4w_excess_return
2026-01-11,-0.005487388245646985,49,0.3077166705412717,Model2_plus_momentum,future_4w_excess_return
2026-01-18,-0.010925972865417747,49,0.26767540951589797,Model2_plus_momentum,future_4w_excess_return
2026-01-25,0.0014088226922476313,49,0.23887705647636404,Model2_plus_momentum,future_4w_excess_return
2026-02-01,0.013483524222594759,49,0.21432147140531188,Model2_plus_momentum,future_4w_excess_return
2026-02-08,-0.016364973004973665,49,0.07032091745598945,Model2_plus_momentum,future_4w_excess_return
2026-02-15,-0.04037892043222357,49,0.2971753698818469,Model2_plus_momentum,future_4w_excess_return
2026-02-22,-0.015843547028283556,49,0.2357001858509996,Model2_plus_momentum,future_4w_excess_return
2026-03-01,0.00998589057339595,49,0.32862270700055396,Model2_plus_momentum,future_4w_excess_return
2026-03-08,0.006694980310684259,49,0.4805879388989679,Model2_plus_momentum,future_4w_excess_return
2026-03-15,-0.015562285606313609,49,0.30888142410152697,Model2_plus_momentum,future_4w_excess_return
2026-03-22,0.009774726810923028,49,0.21415142149759492,Model2_plus_momentum,future_4w_excess_return
2026-03-29,-0.00783480814777928,49,0.1689035600159835,Model2_plus_momentum,future_4w_excess_return
2026-04-05,-0.009356730139633618,49,0.28160450182983165,Model2_plus_momentum,future_4w_excess_return
2026-04-12,0.03068977894864079,49,0.0932430652375934,Model2_plus_momentum,future_4w_excess_return
2026-04-19,0.05280435837414614,49,0.04351056137253506,Model2_plus_momentum,future_4w_excess_return
2026-04-26,-0.0008097489582077899,50,0.15864778645151634,Model2_plus_momentum,future_4w_excess_return
2026-05-03,0.053520417109880376,50,0.22296302785267974,Model2_plus_momentum,future_4w_excess_return
2026-05-10,0.015415719252849467,50,0.014569893699394543,Model2_plus_momentum,future_4w_excess_return
2026-05-17,-0.026397706970186705,49,0.18306520829310358,Model2_plus_momentum,future_4w_excess_return
2026-05-24,-0.030670122685573346,49,0.35925635237951514,Model2_plus_momentum,future_4w_excess_return
2026-05-31,-0.024781326125949885,49,0.15546750309267676,Model2_plus_momentum,future_4w_excess_return
2026-06-07,-0.0386900810524015,49,0.11186346823121107,Model2_plus_momentum,future_4w_excess_return
2026-06-14,-0.0076560317782762705,49,0.03977325325826708,Model2_plus_momentum,future_4w_excess_return
2026-06-21,-0.004554563125397752,50,0.34271777522979696,Model2_plus_momentum,future_4w_excess_return
2026-06-28,0.007514801259963996,50,0.33347598507965437,Model2_plus_momentum,future_4w_excess_return
2026-07-05,0.013184709390717989,50,0.19212400969680798,Model2_plus_momentum,future_4w_excess_return
2026-07-12,-0.0011596806679267553,50,0.010303076552433676,Model2_plus_momentum,future_4w_excess_return
2026-07-19,0.017296757362632115,49,0.043758116338031505,Model2_plus_momentum,future_4w_excess_return
2022-01-09,0.0017910542816548108,43,0.30527054763797323,Model3_plus_volume_vol,future_1w_excess_return
2022-01-16,0.008028494760005594,43,0.47817807175194393,Model3_plus_volume_vol,future_1w_excess_return
2022-01-23,0.0027884190622122947,43,0.17349570111869372,Model3_plus_volume_vol,future_1w_excess_return
2022-01-30,0.005266994868704251,43,0.29950697035484175,Model3_plus_volume_vol,future_1w_excess_return
2022-02-06,0.002643070345475007,43,0.28712163390523526,Model3_plus_volume_vol,future_1w_excess_return
2022-02-13,-0.003801464017945101,43,0.5992572462417873,Model3_plus_volume_vol,future_1w_excess_return
2022-02-20,0.0007317367913019122,44,0.062216092978052195,Model3_plus_volume_vol,future_1w_excess_return
2022-02-27,-0.011878258041803726,44,0.4371484317510229,Model3_plus_volume_vol,future_1w_excess_return
2022-03-06,-0.0028208414324304674,44,0.20413237150622376,Model3_plus_volume_vol,future_1w_excess_return
2022-03-13,0.009586500294410525,44,0.3424852146745996,Model3_plus_volume_vol,future_1w_excess_return
2022-03-20,0.00815931543321911,44,0.145624673808755,Model3_plus_volume_vol,future_1w_excess_return
2022-03-27,0.003822419881082257,44,0.08821751739514683,Model3_plus_volume_vol,future_1w_excess_return
2022-04-03,-0.0019453946179406705,44,0.1883699577016541,Model3_plus_volume_vol,future_1w_excess_return
2022-04-10,-0.0002097487602087185,44,0.23583780611387462,Model3_plus_volume_vol,future_1w_excess_return
2022-04-17,0.005903842137079634,44,0.29067279503847554,Model3_plus_volume_vol,future_1w_excess_return
2022-04-24,0.0011006577968087072,44,0.21738310953822038,Model3_plus_volume_vol,future_1w_excess_return
2022-05-01,-0.010288080607187836,44,0.12777876651860243,Model3_plus_volume_vol,future_1w_excess_return
2022-05-08,-0.001165186032728316,44,0.3083930496456184,Model3_plus_volume_vol,future_1w_excess_return
2022-05-15,-0.018352285891946655,44,0.33678842894457395,Model3_plus_volume_vol,future_1w_excess_return
2022-05-22,0.008010484192612705,44,0.3188900606017846,Model3_plus_volume_vol,future_1w_excess_return
2022-05-29,-0.004803126097491457,44,0.1592321041455369,Model3_plus_volume_vol,future_1w_excess_return
2022-06-05,0.01635173247337597,44,0.21693580175366411,Model3_plus_volume_vol,future_1w_excess_return
2022-06-12,-0.008755042650442843,44,0.5643962716630007,Model3_plus_volume_vol,future_1w_excess_return
2022-06-19,0.021658028667103462,44,0.18644960879855732,Model3_plus_volume_vol,future_1w_excess_return
2022-06-26,-0.0018245248444978893,44,0.25082786542307545,Model3_plus_volume_vol,future_1w_excess_return
2022-07-03,-0.00596912212369291,44,0.4469127646470642,Model3_plus_volume_vol,future_1w_excess_return
2022-07-10,-0.004548457376325057,44,0.21372786553380552,Model3_plus_volume_vol,future_1w_excess_return
2022-07-17,-0.0010954488536389986,46,0.2701457100838317,Model3_plus_volume_vol,future_1w_excess_return
2022-07-24,-0.0028989710380377468,46,0.10311163002200474,Model3_plus_volume_vol,future_1w_excess_return
2022-07-31,0.010507129109564108,46,0.2537974527603647,Model3_plus_volume_vol,future_1w_excess_return
2022-08-07,0.017439788541982703,46,0.2538750709116403,Model3_plus_volume_vol,future_1w_excess_return
2022-08-14,0.004404460147567386,46,0.4409428788153853,Model3_plus_volume_vol,future_1w_excess_return
2022-08-21,0.002073490281628343,46,0.1893334732773816,Model3_plus_volume_vol,future_1w_excess_return
2022-08-28,-0.003406781851689064,46,0.3656974628368501,Model3_plus_volume_vol,future_1w_excess_return
2022-09-04,-0.014777739253170663,46,0.1595312954971253,Model3_plus_volume_vol,future_1w_excess_return
2022-09-11,-0.005855424857903114,46,0.08158083407105243,Model3_plus_volume_vol,future_1w_excess_return
2022-09-18,0.020761172143977064,46,0.2982604758347125,Model3_plus_volume_vol,future_1w_excess_return
2022-09-25,-0.0018140946962795735,46,0.09484926342379185,Model3_plus_volume_vol,future_1w_excess_return
2022-10-02,-0.00330162800342829,47,0.10770472676053489,Model3_plus_volume_vol,future_1w_excess_return
2022-10-09,-0.024175242043164208,47,0.2343094222123574,Model3_plus_volume_vol,future_1w_excess_return
2022-10-16,-0.003427497046360778,47,0.25776831747282447,Model3_plus_volume_vol,future_1w_excess_return
2022-10-23,0.001189676239265261,47,0.36446414895167045,Model3_plus_volume_vol,future_1w_excess_return
2022-10-30,-0.007790082961792913,47,0.5586009124809117,Model3_plus_volume_vol,future_1w_excess_return
2022-11-06,0.011242931978938345,47,0.3696945942220454,Model3_plus_volume_vol,future_1w_excess_return
2022-11-13,-0.0006171789587391925,47,0.19541608738048322,Model3_plus_volume_vol,future_1w_excess_return
2022-11-20,0.005360559330812478,47,0.3495924821686762,Model3_plus_volume_vol,future_1w_excess_return
2022-11-27,0.0017495970918407263,47,0.17523882394130597,Model3_plus_volume_vol,future_1w_excess_return
2022-12-04,-0.009759581724144085,47,0.25653277667801855,Model3_plus_volume_vol,future_1w_excess_return
2022-12-11,0.006309818416405426,48,0.20848601041537074,Model3_plus_volume_vol,future_1w_excess_return
2022-12-18,-0.005752919470363408,48,0.44566141146127536,Model3_plus_volume_vol,future_1w_excess_return
2022-12-25,-0.0013384797758607108,47,0.1312993123452869,Model3_plus_volume_vol,future_1w_excess_return
2023-01-01,0.003940102043026007,47,0.4335198824629912,Model3_plus_volume_vol,future_1w_excess_return
2023-01-08,-0.0005673240339025588,47,0.07610549096943331,Model3_plus_volume_vol,future_1w_excess_return
2023-01-15,-0.008228939044739782,47,0.2861539738500649,Model3_plus_volume_vol,future_1w_excess_return
2023-01-22,0.005840730242038622,47,0.4140917445663056,Model3_plus_volume_vol,future_1w_excess_return
2023-01-29,0.0026505278638263366,47,0.3704786677733526,Model3_plus_volume_vol,future_1w_excess_return
2023-02-05,0.004082839828685306,47,0.09633268913884807,Model3_plus_volume_vol,future_1w_excess_return
2023-02-12,0.005210034103360045,47,0.14683222056184464,Model3_plus_volume_vol,future_1w_excess_return
2023-02-19,-0.0011652253118841563,48,0.29601570663802756,Model3_plus_volume_vol,future_1w_excess_return
2023-02-26,-0.006457622611419973,48,0.1972472819051987,Model3_plus_volume_vol,future_1w_excess_return
2023-03-05,-0.0010465253526808105,48,0.13369839210198675,Model3_plus_volume_vol,future_1w_excess_return
2023-03-12,0.016134654679682333,48,0.26479816292065483,Model3_plus_volume_vol,future_1w_excess_return
2023-03-19,-0.0032932534659760792,48,0.013804364228242494,Model3_plus_volume_vol,future_1w_excess_return
2023-03-26,0.0014911592101089898,48,0.24204370470891234,Model3_plus_volume_vol,future_1w_excess_return
2023-04-02,0.00284615441389322,48,0.1116347361043023,Model3_plus_volume_vol,future_1w_excess_return
2023-04-09,-0.0010486627484069273,48,0.05599747175127978,Model3_plus_volume_vol,future_1w_excess_return
2023-04-16,0.0005113334628776486,48,0.37338034170929335,Model3_plus_volume_vol,future_1w_excess_return
2023-04-23,0.006852417309130232,48,0.34261219810179155,Model3_plus_volume_vol,future_1w_excess_return
2023-04-30,0.009435044213760208,48,0.368045285087664,Model3_plus_volume_vol,future_1w_excess_return
2023-05-07,0.0027718580657626465,48,0.08125094284979095,Model3_plus_volume_vol,future_1w_excess_return
2023-05-14,-0.007313983196304032,48,0.19040655005925644,Model3_plus_volume_vol,future_1w_excess_return
2023-05-21,0.015804731325571607,48,0.5626463689312584,Model3_plus_volume_vol,future_1w_excess_return
2023-05-28,0.010788038550878412,48,0.2839197887164868,Model3_plus_volume_vol,future_1w_excess_return
2023-06-04,0.005204072848141376,49,0.08076856402774768,Model3_plus_volume_vol,future_1w_excess_return
2023-06-11,0.0030127165686274077,49,0.44431593837206573,Model3_plus_volume_vol,future_1w_excess_return
2023-06-18,-0.014502410836256958,49,0.0584720424770685,Model3_plus_volume_vol,future_1w_excess_return
2023-06-25,-0.009404257590564291,49,0.40507946824264796,Model3_plus_volume_vol,future_1w_excess_return
2023-07-02,-0.006188136401848669,49,0.21094973452314902,Model3_plus_volume_vol,future_1w_excess_return
2023-07-09,0.040194000164690796,49,0.5479043998319642,Model3_plus_volume_vol,future_1w_excess_return
2023-07-16,-0.011309293726753704,48,0.5424238528762113,Model3_plus_volume_vol,future_1w_excess_return
2023-07-23,0.005161597343269528,48,0.3807066568254023,Model3_plus_volume_vol,future_1w_excess_return
2023-07-30,0.0017091810648611257,48,0.10118818859799539,Model3_plus_volume_vol,future_1w_excess_return
2023-08-06,0.0028519811356286437,48,0.349861880771309,Model3_plus_volume_vol,future_1w_excess_return
2023-08-13,0.0014617929926448031,48,0.5411586336262952,Model3_plus_volume_vol,future_1w_excess_return
2023-08-20,-0.01331380584565756,48,0.31924609546738214,Model3_plus_volume_vol,future_1w_excess_return
2023-08-27,0.0023346161070540426,48,0.03305361479170188,Model3_plus_volume_vol,future_1w_excess_return
2023-09-03,-0.000357621737824311,48,0.5127298166183782,Model3_plus_volume_vol,future_1w_excess_return
2023-09-10,-0.009007994319734479,48,0.4301522884730835,Model3_plus_volume_vol,future_1w_excess_return
2023-09-17,-0.003135808416629262,48,0.30053945334440113,Model3_plus_volume_vol,future_1w_excess_return
2023-09-24,0.0016494866422978316,48,0.7273708777731462,Model3_plus_volume_vol,future_1w_excess_return
2023-10-01,0.005531056984123539,48,0.3071144162067022,Model3_plus_volume_vol,future_1w_excess_return
2023-10-08,-0.003011857019434669,48,0.6906923867666361,Model3_plus_volume_vol,future_1w_excess_return
2023-10-15,0.0010318683572686123,47,0.3960392278925885,Model3_plus_volume_vol,future_1w_excess_return
2023-10-22,-0.0011760105795726077,47,0.015396635438223005,Model3_plus_volume_vol,future_1w_excess_return
2023-10-29,0.00967606211113727,47,0.10531797046829539,Model3_plus_volume_vol,future_1w_excess_return
2023-11-05,0.013339047911156776,47,0.34115295404936385,Model3_plus_volume_vol,future_1w_excess_return
2023-11-12,0.007586109226424017,47,0.19786929588786617,Model3_plus_volume_vol,future_1w_excess_return
2023-11-19,0.004127490162162253,47,0.5088300407757398,Model3_plus_volume_vol,future_1w_excess_return
2023-11-26,-0.002774805591052749,47,0.03221196023021966,Model3_plus_volume_vol,future_1w_excess_return
2023-12-03,-0.005240187952934049,47,0.32949216802359294,Model3_plus_volume_vol,future_1w_excess_return
2023-12-10,-0.012192612119421915,47,0.18270953554138702,Model3_plus_volume_vol,future_1w_excess_return
2023-12-17,-0.003391518406625254,48,0.29474469595873254,Model3_plus_volume_vol,future_1w_excess_return
2023-12-24,-0.018723001258133542,48,0.4833743366155089,Model3_plus_volume_vol,future_1w_excess_return
2023-12-31,-0.0026371460060736363,48,0.08250219275312287,Model3_plus_volume_vol,future_1w_excess_return
2024-01-07,-0.01441259866858284,48,0.36272929924173336,Model3_plus_volume_vol,future_1w_excess_return
2024-01-14,0.011573221268367628,48,0.5084667689688893,Model3_plus_volume_vol,future_1w_excess_return
2024-01-21,-0.0046262604251879925,48,0.33096940793435836,Model3_plus_volume_vol,future_1w_excess_return
2024-01-28,0.0018332128984629996,49,0.4097345407587154,Model3_plus_volume_vol,future_1w_excess_return
2024-02-04,-0.0015440100604632717,49,0.6075318607444586,Model3_plus_volume_vol,future_1w_excess_return
2024-02-11,-0.0020945752191104186,49,0.3177492923178724,Model3_plus_volume_vol,future_1w_excess_return
2024-02-18,0.0033716033030778587,49,0.07358473684122468,Model3_plus_volume_vol,future_1w_excess_return
2024-02-25,-0.002875228278949418,49,0.32939373995987076,Model3_plus_volume_vol,future_1w_excess_return
2024-03-03,0.0030338847571140873,49,0.10896411391504268,Model3_plus_volume_vol,future_1w_excess_return
2024-03-10,-0.014135068067867464,49,0.2402863292319014,Model3_plus_volume_vol,future_1w_excess_return
2024-03-17,0.002019276103232197,49,0.1047514134615728,Model3_plus_volume_vol,future_1w_excess_return
2024-03-24,0.00272308023396162,49,0.1984670383333209,Model3_plus_volume_vol,future_1w_excess_return
2024-03-31,-0.0077434875233246755,49,0.27551973054120926,Model3_plus_volume_vol,future_1w_excess_return
2024-04-07,-0.01904605032013261,49,0.37552406768063595,Model3_plus_volume_vol,future_1w_excess_return
2024-04-14,0.00643007514964785,49,0.5021629927385545,Model3_plus_volume_vol,future_1w_excess_return
2024-04-21,-0.00920661218703945,49,0.448168572510072,Model3_plus_volume_vol,future_1w_excess_return
2024-04-28,-0.00030049975689445604,49,0.404166191828613,Model3_plus_volume_vol,future_1w_excess_return
2024-05-05,-0.0038215497858367503,49,0.1377996248702028,Model3_plus_volume_vol,future_1w_excess_return
2024-05-12,0.015815395719616057,49,0.2626121822090737,Model3_plus_volume_vol,future_1w_excess_return
2024-05-19,0.00787400184239171,49,0.24933466341505284,Model3_plus_volume_vol,future_1w_excess_return
2024-05-26,0.005060750789577531,48,0.37868460175034413,Model3_plus_volume_vol,future_1w_excess_return
2024-06-02,-0.0016592587205281695,48,0.17163731307111885,Model3_plus_volume_vol,future_1w_excess_return
2024-06-09,0.0013880509714383343,48,0.28592456376719255,Model3_plus_volume_vol,future_1w_excess_return
2024-06-16,0.0005813952603020561,48,0.20470377089951486,Model3_plus_volume_vol,future_1w_excess_return
2024-06-23,-0.002455483933955088,49,0.0861007697361601,Model3_plus_volume_vol,future_1w_excess_return
2024-06-30,-0.007362314225069494,49,0.6689896739470147,Model3_plus_volume_vol,future_1w_excess_return
2024-07-07,0.00727502254161105,49,0.1538474070830984,Model3_plus_volume_vol,future_1w_excess_return
2024-07-14,-0.0001935176573759287,49,0.41624739158818846,Model3_plus_volume_vol,future_1w_excess_return
2024-07-21,0.0007533029707760333,48,0.24851248928411385,Model3_plus_volume_vol,future_1w_excess_return
2024-07-28,-0.018349198283021936,49,0.36872421868268757,Model3_plus_volume_vol,future_1w_excess_return
2024-08-04,-0.00017261520536707847,49,0.43815972333095254,Model3_plus_volume_vol,future_1w_excess_return
2024-08-11,-0.008705226912548823,49,0.2936438235481358,Model3_plus_volume_vol,future_1w_excess_return
2024-08-18,0.0005095143810055752,50,0.1522108139173599,Model3_plus_volume_vol,future_1w_excess_return
2024-08-25,-0.0006407754752012097,50,0.2136250159936971,Model3_plus_volume_vol,future_1w_excess_return
2024-09-01,-0.0004855649773918211,50,0.24068925993200774,Model3_plus_volume_vol,future_1w_excess_return
2024-09-08,-0.0029255474897927174,50,0.1157902678696161,Model3_plus_volume_vol,future_1w_excess_return
2024-09-15,0.005875712219453093,50,0.2192041745399873,Model3_plus_volume_vol,future_1w_excess_return
2024-09-22,0.010353607845771974,49,0.23103179636344418,Model3_plus_volume_vol,future_1w_excess_return
2024-09-29,0.003422784324262478,49,0.053209196360966104,Model3_plus_volume_vol,future_1w_excess_return
2024-10-06,-0.00018325744171247826,49,0.24360654977624807,Model3_plus_volume_vol,future_1w_excess_return
2024-10-13,-0.005831841937836663,49,0.28032211924301964,Model3_plus_volume_vol,future_1w_excess_return
2024-10-20,-0.003418715265227655,49,0.02754766884901183,Model3_plus_volume_vol,future_1w_excess_return
2024-10-27,0.011809582233447996,49,0.1676603349502308,Model3_plus_volume_vol,future_1w_excess_return
2024-11-03,-0.012241180608812179,49,0.4594486546508054,Model3_plus_volume_vol,future_1w_excess_return
2024-11-10,0.002367438724233787,49,0.2337686526699897,Model3_plus_volume_vol,future_1w_excess_return
2024-11-17,0.0018547812750596727,49,0.2587666551183976,Model3_plus_volume_vol,future_1w_excess_return
2024-11-24,0.0048374266710161755,49,0.2716750904858911,Model3_plus_volume_vol,future_1w_excess_return
2024-12-01,-0.006245872683914598,49,0.3122877747298204,Model3_plus_volume_vol,future_1w_excess_return
2024-12-08,-0.014816913342428104,49,0.4027938439469978,Model3_plus_volume_vol,future_1w_excess_return
2024-12-15,-0.004345392134212478,49,0.2168599492590113,Model3_plus_volume_vol,future_1w_excess_return
2024-12-22,-0.008536185094549103,49,0.3615808899324935,Model3_plus_volume_vol,future_1w_excess_return
2024-12-29,0.0036439281267532965,49,0.04590861529499213,Model3_plus_volume_vol,future_1w_excess_return
2025-01-05,0.012329133335778203,49,0.41517785403766183,Model3_plus_volume_vol,future_1w_excess_return
2025-01-12,0.00242504191387833,49,0.3085515012258019,Model3_plus_volume_vol,future_1w_excess_return
2025-01-19,-0.0022210360637658078,49,0.4109799807640572,Model3_plus_volume_vol,future_1w_excess_return
2025-01-26,-0.01047973891390988,49,0.4054298584190339,Model3_plus_volume_vol,future_1w_excess_return
2025-02-02,-0.004452542940526223,49,0.37815057513014483,Model3_plus_volume_vol,future_1w_excess_return
2025-02-09,-0.010084955726424837,49,0.6339522796842383,Model3_plus_volume_vol,future_1w_excess_return
2025-02-16,-0.0004458681754179574,49,0.20767792235371862,Model3_plus_volume_vol,future_1w_excess_return
2025-02-23,-0.0009192533079325008,49,0.3164080999752097,Model3_plus_volume_vol,future_1w_excess_return
2025-03-02,0.002557031469429463,49,0.4970990629236661,Model3_plus_volume_vol,future_1w_excess_return
2025-03-09,0.0024145935587215235,49,0.2642185031875115,Model3_plus_volume_vol,future_1w_excess_return
2025-03-16,0.004567943069275869,49,0.1939135108729566,Model3_plus_volume_vol,future_1w_excess_return
2025-03-23,-0.0027470822372942516,49,0.4113571262986795,Model3_plus_volume_vol,future_1w_excess_return
2025-03-30,0.0028619151294739954,49,0.022887077106315434,Model3_plus_volume_vol,future_1w_excess_return
2025-04-06,-0.0202155994540429,49,0.16149684437260314,Model3_plus_volume_vol,future_1w_excess_return
2025-04-13,-0.0031012061779794025,49,0.1891267941299276,Model3_plus_volume_vol,future_1w_excess_return
2025-04-20,-0.0044690967463814,48,0.498612069255176,Model3_plus_volume_vol,future_1w_excess_return
2025-04-27,-0.007730803232298335,48,0.18422653685445534,Model3_plus_volume_vol,future_1w_excess_return
2025-05-04,-0.0020063072090731465,48,0.4887787798796621,Model3_plus_volume_vol,future_1w_excess_return
2025-05-11,0.01460963129292886,48,0.2769234958734128,Model3_plus_volume_vol,future_1w_excess_return
2025-05-18,0.0013044220540365595,49,0.18545200607079615,Model3_plus_volume_vol,future_1w_excess_return
2025-05-25,0.008363395254518926,49,0.4160789306728372,Model3_plus_volume_vol,future_1w_excess_return
2025-06-01,-0.007780318965681633,49,0.12033983598176712,Model3_plus_volume_vol,future_1w_excess_return
2025-06-08,-0.0010800596443496192,49,0.1852121214277206,Model3_plus_volume_vol,future_1w_excess_return
2025-06-15,0.013147922868341422,49,0.20256814364900755,Model3_plus_volume_vol,future_1w_excess_return
2025-06-22,-0.005787394353410853,49,0.01909265371316149,Model3_plus_volume_vol,future_1w_excess_return
2025-06-29,-0.0169177585217143,49,0.20525865374347763,Model3_plus_volume_vol,future_1w_excess_return
2025-07-06,-0.014398140502422264,48,0.2543112275278523,Model3_plus_volume_vol,future_1w_excess_return
2025-07-13,-0.020973853646052962,48,0.26945654689087095,Model3_plus_volume_vol,future_1w_excess_return
2025-07-20,-0.0013683423762118271,49,0.11596554519383095,Model3_plus_volume_vol,future_1w_excess_return
2025-07-27,0.009953429110611482,49,0.3629452225642925,Model3_plus_volume_vol,future_1w_excess_return
2025-08-03,-0.0008862027057604666,49,0.46063973122367485,Model3_plus_volume_vol,future_1w_excess_return
2025-08-10,0.01717441419801263,49,0.056024707697702625,Model3_plus_volume_vol,future_1w_excess_return
2025-08-17,0.0020762630713920885,49,0.3331246118307377,Model3_plus_volume_vol,future_1w_excess_return
2025-08-24,0.013027512078550204,49,0.18731671344473733,Model3_plus_volume_vol,future_1w_excess_return
2025-08-31,0.003765628709505654,49,0.09742626669576937,Model3_plus_volume_vol,future_1w_excess_return
2025-09-07,0.02423125531503848,49,0.5352728347890163,Model3_plus_volume_vol,future_1w_excess_return
2025-09-14,0.013363500107326204,49,0.4054230212144977,Model3_plus_volume_vol,future_1w_excess_return
2025-09-21,-0.0004845649612512364,49,0.0846114040923317,Model3_plus_volume_vol,future_1w_excess_return
2025-09-28,0.008492639717266853,49,0.5693720654810521,Model3_plus_volume_vol,future_1w_excess_return
2025-10-05,-0.0005938537664229859,49,0.18832894296198022,Model3_plus_volume_vol,future_1w_excess_return
2025-10-12,-0.0048566688599068555,49,0.3828542498684663,Model3_plus_volume_vol,future_1w_excess_return
2025-10-19,0.031772670296493055,49,0.5991697070348387,Model3_plus_volume_vol,future_1w_excess_return
2025-10-26,-0.001997369991086038,49,0.11663757854655066,Model3_plus_volume_vol,future_1w_excess_return
2025-11-02,0.00748026878191369,49,0.36325997507207886,Model3_plus_volume_vol,future_1w_excess_return
2025-11-09,-0.014342781734128042,49,0.1286321072109753,Model3_plus_volume_vol,future_1w_excess_return
2025-11-16,-0.0056639774934321395,49,0.4001874025932173,Model3_plus_volume_vol,future_1w_excess_return
2025-11-23,-0.0039012955320206987,49,0.1025681089796564,Model3_plus_volume_vol,future_1w_excess_return
2025-11-30,-0.0057814108777733235,49,0.5013130473103979,Model3_plus_volume_vol,future_1w_excess_return
2025-12-07,0.0012557167308697246,49,0.04833791274013577,Model3_plus_volume_vol,future_1w_excess_return
2025-12-14,-0.00019105798423178777,49,0.10931555534217263,Model3_plus_volume_vol,future_1w_excess_return
2025-12-21,-0.003362320517110615,49,0.05811902961006088,Model3_plus_volume_vol,future_1w_excess_return
2025-12-28,0.0011655700580098342,49,0.17455151112160927,Model3_plus_volume_vol,future_1w_excess_return
2026-01-04,0.01438746971824973,49,0.20165581553109324,Model3_plus_volume_vol,future_1w_excess_return
2026-01-11,0.012901364617956927,49,0.3517681405447939,Model3_plus_volume_vol,future_1w_excess_return
2026-01-18,0.007036442425257312,49,0.1906165054810086,Model3_plus_volume_vol,future_1w_excess_return
2026-01-25,0.009243888947632686,49,0.2536767488693582,Model3_plus_volume_vol,future_1w_excess_return
2026-02-01,-0.008207253801350059,49,0.14050754219895456,Model3_plus_volume_vol,future_1w_excess_return
2026-02-08,-0.011928541612766323,49,0.44506881445195945,Model3_plus_volume_vol,future_1w_excess_return
2026-02-15,-0.022783814685520574,49,0.29443877087411985,Model3_plus_volume_vol,future_1w_excess_return
2026-02-22,-0.016280082836618213,49,0.25180998444793024,Model3_plus_volume_vol,future_1w_excess_return
2026-03-01,0.004181857615849681,49,0.5838642181356124,Model3_plus_volume_vol,future_1w_excess_return
2026-03-08,0.01022838268643432,49,0.6136606773551162,Model3_plus_volume_vol,future_1w_excess_return
2026-03-15,-0.013213803256664628,49,0.32578416426747825,Model3_plus_volume_vol,future_1w_excess_return
2026-03-22,0.017366401213034816,49,0.2578167028877275,Model3_plus_volume_vol,future_1w_excess_return
2026-03-29,0.003114474398884695,49,0.4511591196926802,Model3_plus_volume_vol,future_1w_excess_return
2026-04-05,0.012468146942216776,49,0.3821583790911992,Model3_plus_volume_vol,future_1w_excess_return
2026-04-12,-0.013832390193215856,49,0.04992822251009199,Model3_plus_volume_vol,future_1w_excess_return
2026-04-19,-0.019248583387511405,49,0.3825167717845862,Model3_plus_volume_vol,future_1w_excess_return
2026-04-26,-0.002929336644548315,50,0.29601286639527125,Model3_plus_volume_vol,future_1w_excess_return
2026-05-03,0.02976964738127528,50,0.3509649007399569,Model3_plus_volume_vol,future_1w_excess_return
2026-05-10,0.02854935123637901,50,0.13694776631721317,Model3_plus_volume_vol,future_1w_excess_return
2026-05-17,-0.006394240019231062,49,0.41511884856465453,Model3_plus_volume_vol,future_1w_excess_return
2026-05-24,0.007285547107751866,49,0.425152958286656,Model3_plus_volume_vol,future_1w_excess_return
2026-05-31,-0.020101123133809032,49,0.3817022703651983,Model3_plus_volume_vol,future_1w_excess_return
2026-06-07,-0.014319076998125662,49,0.3033296251981852,Model3_plus_volume_vol,future_1w_excess_return
2026-06-14,-0.002155522361832571,49,0.2808113738380391,Model3_plus_volume_vol,future_1w_excess_return
2026-06-21,-0.010436252160547319,50,0.4171143470499946,Model3_plus_volume_vol,future_1w_excess_return
2026-06-28,-0.013995656050098412,50,0.21216584645326542,Model3_plus_volume_vol,future_1w_excess_return
2026-07-05,0.012825630475525686,50,0.21862443772589224,Model3_plus_volume_vol,future_1w_excess_return
2026-07-12,0.008542856025066575,50,0.6627657606665254,Model3_plus_volume_vol,future_1w_excess_return
2026-07-19,0.003482954800743698,49,0.1751876282027821,Model3_plus_volume_vol,future_1w_excess_return
2022-01-09,0.012993754370180684,43,0.4524284927761292,Model3_plus_volume_vol,future_2w_excess_return
2022-01-16,-0.004023536075868195,43,0.050295036802137316,Model3_plus_volume_vol,future_2w_excess_return
2022-01-23,0.0027884190622122947,43,0.17349570111869372,Model3_plus_volume_vol,future_2w_excess_return
2022-01-30,0.0032153359570891646,43,0.49541453292163906,Model3_plus_volume_vol,future_2w_excess_return
2022-02-06,-0.0009399679195595881,43,0.4937708475351119,Model3_plus_volume_vol,future_2w_excess_return
2022-02-13,0.0006145864468721091,43,0.38521512069300723,Model3_plus_volume_vol,future_2w_excess_return
2022-02-20,-0.0008964122344082247,44,0.21653511013663418,Model3_plus_volume_vol,future_2w_excess_return
2022-02-27,-0.0051654166241656115,44,0.3364011042234022,Model3_plus_volume_vol,future_2w_excess_return
2022-03-06,0.0036979811049657717,44,0.18707372582563608,Model3_plus_volume_vol,future_2w_excess_return
2022-03-13,0.017521212774043116,44,0.3552389345996484,Model3_plus_volume_vol,future_2w_excess_return
2022-03-20,0.014276133771328789,44,0.22863302436278488,Model3_plus_volume_vol,future_2w_excess_return
2022-03-27,0.004053238537186872,44,0.23061269190506273,Model3_plus_volume_vol,future_2w_excess_return
2022-04-03,-0.003231611060678371,44,0.2388140149941964,Model3_plus_volume_vol,future_2w_excess_return
2022-04-10,0.00016955101119658922,44,0.11707581647325849,Model3_plus_volume_vol,future_2w_excess_return
2022-04-17,0.002721319241453666,44,0.1934748142181496,Model3_plus_volume_vol,future_2w_excess_return
2022-04-24,-0.006056834534179836,44,0.15707538825438605,Model3_plus_volume_vol,future_2w_excess_return
2022-05-01,-0.009603628601186649,44,0.3318666838233221,Model3_plus_volume_vol,future_2w_excess_return
2022-05-08,-0.006240715032136279,44,0.22376745139767162,Model3_plus_volume_vol,future_2w_excess_return
2022-05-15,-0.012969006093207638,44,0.3018530956583112,Model3_plus_volume_vol,future_2w_excess_return
2022-05-22,-0.004087759351328599,44,0.2889531956104976,Model3_plus_volume_vol,future_2w_excess_return
2022-05-29,-0.0020159745261778116,44,0.05159405495400926,Model3_plus_volume_vol,future_2w_excess_return
2022-06-05,0.03677162702111267,44,0.6842026868901498,Model3_plus_volume_vol,future_2w_excess_return
2022-06-12,-0.010993522908282996,44,0.3105687176472941,Model3_plus_volume_vol,future_2w_excess_return
2022-06-19,0.01382977851616041,44,0.09931360017972957,Model3_plus_volume_vol,future_2w_excess_return
2022-06-26,-0.016798488106120273,44,0.08499847780296754,Model3_plus_volume_vol,future_2w_excess_return
2022-07-03,0.0011792729927800616,44,0.45977842529674207,Model3_plus_volume_vol,future_2w_excess_return
2022-07-10,-0.008996792853261593,44,0.21227078577098635,Model3_plus_volume_vol,future_2w_excess_return
2022-07-17,-0.0027392073531710866,46,0.12738466636732115,Model3_plus_volume_vol,future_2w_excess_return
2022-07-24,0.002408262146946727,46,0.140889548660993,Model3_plus_volume_vol,future_2w_excess_return
2022-07-31,0.013807604881205807,46,0.1716846335140506,Model3_plus_volume_vol,future_2w_excess_return
2022-08-07,0.020097283291430082,46,0.2351386246575503,Model3_plus_volume_vol,future_2w_excess_return
2022-08-14,0.006698643523095207,46,0.15580269094936516,Model3_plus_volume_vol,future_2w_excess_return
2022-08-21,-0.002865044574214992,46,0.29631804511863336,Model3_plus_volume_vol,future_2w_excess_return
2022-08-28,-0.027361178903745814,46,0.08429485511235435,Model3_plus_volume_vol,future_2w_excess_return
2022-09-04,-0.010682453345844306,46,0.14226485529641875,Model3_plus_volume_vol,future_2w_excess_return
2022-09-11,-0.007262415497656001,46,0.21532049654013352,Model3_plus_volume_vol,future_2w_excess_return
2022-09-18,0.016325887900099895,46,0.18723381323199895,Model3_plus_volume_vol,future_2w_excess_return
2022-09-25,-0.025697972501726965,46,0.20972539298341963,Model3_plus_volume_vol,future_2w_excess_return
2022-10-02,-0.020511176860872213,47,0.18297549551165548,Model3_plus_volume_vol,future_2w_excess_return
2022-10-09,-0.026617027873682877,47,0.22698861872756404,Model3_plus_volume_vol,future_2w_excess_return
2022-10-16,0.0002639716612641528,47,0.12821859539997016,Model3_plus_volume_vol,future_2w_excess_return
2022-10-23,-0.011539728614430894,47,0.44689506229144915,Model3_plus_volume_vol,future_2w_excess_return
2022-10-30,-0.0034646731873316516,47,0.39615224763829604,Model3_plus_volume_vol,future_2w_excess_return
2022-11-06,0.032540243464761934,47,0.31936932337079216,Model3_plus_volume_vol,future_2w_excess_return
2022-11-13,-0.0009365121445312832,47,0.06679588552623983,Model3_plus_volume_vol,future_2w_excess_return
2022-11-20,-0.0017785028061158524,47,0.20633173690682538,Model3_plus_volume_vol,future_2w_excess_return
2022-11-27,0.00808629239780864,47,0.11662616549604832,Model3_plus_volume_vol,future_2w_excess_return
2022-12-04,-0.02622428373032281,47,0.2744047761102808,Model3_plus_volume_vol,future_2w_excess_return
2022-12-11,0.005393882329387317,48,0.09853148116568344,Model3_plus_volume_vol,future_2w_excess_return
2022-12-18,-0.004322196963575321,48,0.2939498194013892,Model3_plus_volume_vol,future_2w_excess_return
2022-12-25,0.002638552244795209,47,0.5022001294378962,Model3_plus_volume_vol,future_2w_excess_return
2023-01-01,0.000593826378237336,47,0.3100361753004267,Model3_plus_volume_vol,future_2w_excess_return
2023-01-08,0.0010649300322520725,47,0.046351704983162656,Model3_plus_volume_vol,future_2w_excess_return
2023-01-15,-0.008228939044739782,47,0.2861539738500649,Model3_plus_volume_vol,future_2w_excess_return
2023-01-22,0.0062838394271836975,47,0.14368946838350216,Model3_plus_volume_vol,future_2w_excess_return
2023-01-29,0.009891968101558749,47,0.14891732954578352,Model3_plus_volume_vol,future_2w_excess_return
2023-02-05,-0.0014765641021692965,47,0.10981002401439044,Model3_plus_volume_vol,future_2w_excess_return
2023-02-12,0.001743262326734385,47,0.25760169715601977,Model3_plus_volume_vol,future_2w_excess_return
2023-02-19,-0.002772135794468701,48,0.2590082564081726,Model3_plus_volume_vol,future_2w_excess_return
2023-02-26,-0.01649092588934004,48,0.2772449936199699,Model3_plus_volume_vol,future_2w_excess_return
2023-03-05,-0.003587845867377336,48,0.07638039267799113,Model3_plus_volume_vol,future_2w_excess_return
2023-03-12,0.024757246770982178,48,0.30594484345038164,Model3_plus_volume_vol,future_2w_excess_return
2023-03-19,0.009868533470347975,48,0.05854086362265365,Model3_plus_volume_vol,future_2w_excess_return
2023-03-26,0.005730549822443129,48,0.14810114856769807,Model3_plus_volume_vol,future_2w_excess_return
2023-04-02,0.004094165317114174,48,0.12646376412867832,Model3_plus_volume_vol,future_2w_excess_return
2023-04-09,0.0029550793942819953,48,0.4051380356155013,Model3_plus_volume_vol,future_2w_excess_return
2023-04-16,-0.0003725569230970116,48,0.4028996157651964,Model3_plus_volume_vol,future_2w_excess_return
2023-04-23,0.012983720117912684,48,0.18374095243802036,Model3_plus_volume_vol,future_2w_excess_return
2023-04-30,0.016662081975737028,48,0.16066012675431585,Model3_plus_volume_vol,future_2w_excess_return
2023-05-07,0.008829302429570092,48,0.09661801343231513,Model3_plus_volume_vol,future_2w_excess_return
2023-05-14,0.005845473399149093,48,0.5737562792586105,Model3_plus_volume_vol,future_2w_excess_return
2023-05-21,0.014589826997730475,48,0.5472923016493094,Model3_plus_volume_vol,future_2w_excess_return
2023-05-28,0.026905186424297463,48,0.4434711015620004,Model3_plus_volume_vol,future_2w_excess_return
2023-06-04,0.014413684177921049,49,0.4304678547892933,Model3_plus_volume_vol,future_2w_excess_return
2023-06-11,0.0008603093465998496,49,0.36529212406145184,Model3_plus_volume_vol,future_2w_excess_return
2023-06-18,-0.007015001527639113,49,0.13146420470185594,Model3_plus_volume_vol,future_2w_excess_return
2023-06-25,-0.012736138977784445,49,0.44601060002529214,Model3_plus_volume_vol,future_2w_excess_return
2023-07-02,0.024174842408201013,49,0.48316517024652317,Model3_plus_volume_vol,future_2w_excess_return
2023-07-09,0.03971453329654423,49,0.6484747434036473,Model3_plus_volume_vol,future_2w_excess_return
2023-07-16,-0.012462299805572272,48,0.16619342488414757,Model3_plus_volume_vol,future_2w_excess_return
2023-07-23,0.0117958582021268,48,0.33973654725771973,Model3_plus_volume_vol,future_2w_excess_return
2023-07-30,-0.0015571624623258798,48,0.25100329970826574,Model3_plus_volume_vol,future_2w_excess_return
2023-08-06,-0.004751378513644291,48,0.11146454437501163,Model3_plus_volume_vol,future_2w_excess_return
2023-08-13,-0.008824674120980786,48,0.2397384834067814,Model3_plus_volume_vol,future_2w_excess_return
2023-08-20,-0.013572533258676061,48,0.2762290744463649,Model3_plus_volume_vol,future_2w_excess_return
2023-08-27,0.002449455300417784,48,0.2910340592273496,Model3_plus_volume_vol,future_2w_excess_return
2023-09-03,-0.00588464957210947,48,0.4582378735102737,Model3_plus_volume_vol,future_2w_excess_return
2023-09-10,-0.0063399764348313695,48,0.24601803424948432,Model3_plus_volume_vol,future_2w_excess_return
2023-09-17,-0.013313642478128137,48,0.7805977281694163,Model3_plus_volume_vol,future_2w_excess_return
2023-09-24,0.005700141511771568,48,0.29994351471203917,Model3_plus_volume_vol,future_2w_excess_return
2023-10-01,0.008249399885418535,48,0.40036592650764036,Model3_plus_volume_vol,future_2w_excess_return
2023-10-08,-0.0016378156088999105,48,0.2743017875788175,Model3_plus_volume_vol,future_2w_excess_return
2023-10-15,0.003045809746493159,47,0.11683166775025466,Model3_plus_volume_vol,future_2w_excess_return
2023-10-22,-0.00502305959951813,47,0.04434515953812734,Model3_plus_volume_vol,future_2w_excess_return
2023-10-29,0.014539381244069123,47,0.36726663331434584,Model3_plus_volume_vol,future_2w_excess_return
2023-11-05,0.004772571941819084,47,0.21039258101146474,Model3_plus_volume_vol,future_2w_excess_return
2023-11-12,0.0004114932961386403,47,0.5460727891280004,Model3_plus_volume_vol,future_2w_excess_return
2023-11-19,0.0014122878957314802,47,0.2592559230033902,Model3_plus_volume_vol,future_2w_excess_return
2023-11-26,-0.004200675125613548,47,0.1638187384378057,Model3_plus_volume_vol,future_2w_excess_return
2023-12-03,-0.006334630026000911,47,0.0592019719773933,Model3_plus_volume_vol,future_2w_excess_return
2023-12-10,-0.01747282426545852,47,0.15669815353412164,Model3_plus_volume_vol,future_2w_excess_return
2023-12-17,-0.0033476635248193484,48,0.18879073147948378,Model3_plus_volume_vol,future_2w_excess_return
2023-12-24,-0.016822364015216206,48,0.35561620851519915,Model3_plus_volume_vol,future_2w_excess_return
2023-12-31,-0.0004325348308972937,48,0.2471790571064676,Model3_plus_volume_vol,future_2w_excess_return
2024-01-07,-0.028881380702207388,48,0.5868692366420332,Model3_plus_volume_vol,future_2w_excess_return
2024-01-14,0.0043869722779977804,48,0.3767438620365864,Model3_plus_volume_vol,future_2w_excess_return
2024-01-21,0.00392980592291378,48,0.17171812040119738,Model3_plus_volume_vol,future_2w_excess_return
2024-01-28,0.004313972378190693,49,0.48751148626513074,Model3_plus_volume_vol,future_2w_excess_return
2024-02-04,-0.009939151261941262,49,0.08871599874880598,Model3_plus_volume_vol,future_2w_excess_return
2024-02-11,0.007922182286254072,49,0.19435649750556394,Model3_plus_volume_vol,future_2w_excess_return
2024-02-18,0.00439023190289731,49,0.16313812314983922,Model3_plus_volume_vol,future_2w_excess_return
2024-02-25,-0.008934389259140394,49,0.380191974921813,Model3_plus_volume_vol,future_2w_excess_return
2024-03-03,0.0034163634710075996,49,0.2166409153006511,Model3_plus_volume_vol,future_2w_excess_return
2024-03-10,-0.014538315323669965,49,0.15816257017207092,Model3_plus_volume_vol,future_2w_excess_return
2024-03-17,-0.0009602401049763369,49,0.18753842547591748,Model3_plus_volume_vol,future_2w_excess_return
2024-03-24,0.0026913271036177362,49,0.06312203583984477,Model3_plus_volume_vol,future_2w_excess_return
2024-03-31,-0.020575596958513482,49,0.2532416236543711,Model3_plus_volume_vol,future_2w_excess_return
2024-04-07,-0.025370502987981713,49,0.5325171195659302,Model3_plus_volume_vol,future_2w_excess_return
2024-04-14,-0.004267094456913287,49,0.0906004894688408,Model3_plus_volume_vol,future_2w_excess_return
2024-04-21,-0.007070713200201972,49,0.16410844491062937,Model3_plus_volume_vol,future_2w_excess_return
2024-04-28,0.007855681114698414,49,0.48182608083729217,Model3_plus_volume_vol,future_2w_excess_return
2024-05-05,-0.0023061157842637764,49,0.12979667680268114,Model3_plus_volume_vol,future_2w_excess_return
2024-05-12,0.01513302886909694,49,0.23966264134777926,Model3_plus_volume_vol,future_2w_excess_return
2024-05-19,0.0047698640565289,49,0.20789435573819137,Model3_plus_volume_vol,future_2w_excess_return
2024-05-26,0.006287046986931902,48,0.4554685683132226,Model3_plus_volume_vol,future_2w_excess_return
2024-06-02,-0.0005863212825074791,48,0.11922787160798742,Model3_plus_volume_vol,future_2w_excess_return
2024-06-09,0.004670789497481662,48,0.35908261985486645,Model3_plus_volume_vol,future_2w_excess_return
2024-06-16,0.0006177298153328438,48,0.2044158259090043,Model3_plus_volume_vol,future_2w_excess_return
2024-06-23,-0.005669593162181835,49,0.40708666989119,Model3_plus_volume_vol,future_2w_excess_return
2024-06-30,-0.00959999661729996,49,0.3380144674246489,Model3_plus_volume_vol,future_2w_excess_return
2024-07-07,0.012442135553075906,49,0.4677003617114234,Model3_plus_volume_vol,future_2w_excess_return
2024-07-14,-0.00019379148972655663,49,0.29152795345002924,Model3_plus_volume_vol,future_2w_excess_return
2024-07-21,-0.006051371265716407,48,0.30235779183999156,Model3_plus_volume_vol,future_2w_excess_return
2024-07-28,-0.01781205711434925,49,0.3695833791471217,Model3_plus_volume_vol,future_2w_excess_return
2024-08-04,-0.005755592143628092,49,0.48316955800800343,Model3_plus_volume_vol,future_2w_excess_return
2024-08-11,-0.005856431835073192,49,0.09458136797124372,Model3_plus_volume_vol,future_2w_excess_return
2024-08-18,-0.0030997550380182457,50,0.19989117025907488,Model3_plus_volume_vol,future_2w_excess_return
2024-08-25,-0.0038571962065908835,50,0.2628238875163552,Model3_plus_volume_vol,future_2w_excess_return
2024-09-01,-0.0017651845193722565,50,0.04996485054683375,Model3_plus_volume_vol,future_2w_excess_return
2024-09-08,0.007519658958953045,50,0.07201383825623042,Model3_plus_volume_vol,future_2w_excess_return
2024-09-15,0.008789693557595131,50,0.20671147257608924,Model3_plus_volume_vol,future_2w_excess_return
2024-09-22,0.017519592785120053,49,0.2185198194656499,Model3_plus_volume_vol,future_2w_excess_return
2024-09-29,-0.007856345205243285,49,0.23426243093856114,Model3_plus_volume_vol,future_2w_excess_return
2024-10-06,-0.004352520037699939,49,0.35264075383372984,Model3_plus_volume_vol,future_2w_excess_return
2024-10-13,-0.0038490403605967727,49,0.19776459235297206,Model3_plus_volume_vol,future_2w_excess_return
2024-10-20,-0.005502479200744599,49,0.0841454837811626,Model3_plus_volume_vol,future_2w_excess_return
2024-10-27,0.006708266700023474,49,0.2731539072074708,Model3_plus_volume_vol,future_2w_excess_return
2024-11-03,-0.007263298635019477,49,0.09957887361146112,Model3_plus_volume_vol,future_2w_excess_return
2024-11-10,0.005019388668943332,49,0.07187789415716428,Model3_plus_volume_vol,future_2w_excess_return
2024-11-17,0.012144845018420114,49,0.22384925420339719,Model3_plus_volume_vol,future_2w_excess_return
2024-11-24,0.009001739895063265,49,0.4658761398583655,Model3_plus_volume_vol,future_2w_excess_return
2024-12-01,-0.0057319755123330825,49,0.4023604363716935,Model3_plus_volume_vol,future_2w_excess_return
2024-12-08,-0.008595466659670148,49,0.3690699114983934,Model3_plus_volume_vol,future_2w_excess_return
2024-12-15,-0.010591971304873203,49,0.1876532878915349,Model3_plus_volume_vol,future_2w_excess_return
2024-12-22,0.0032901706908080586,49,0.052706208079301486,Model3_plus_volume_vol,future_2w_excess_return
2024-12-29,0.003514580698865677,49,0.2892578376244873,Model3_plus_volume_vol,future_2w_excess_return
2025-01-05,0.01794164653262692,49,0.20141708734880948,Model3_plus_volume_vol,future_2w_excess_return
2025-01-12,-0.0011352580478660758,49,0.200833093169146,Model3_plus_volume_vol,future_2w_excess_return
2025-01-19,-0.0022210360637658078,49,0.4109799807640572,Model3_plus_volume_vol,future_2w_excess_return
2025-01-26,-0.015744009195085104,49,0.35057897642624214,Model3_plus_volume_vol,future_2w_excess_return
2025-02-02,-0.022344363871230413,49,0.37133898921077224,Model3_plus_volume_vol,future_2w_excess_return
2025-02-09,-0.00901046251646391,49,0.6042374684592318,Model3_plus_volume_vol,future_2w_excess_return
2025-02-16,-0.006936242292314647,49,0.2576359675490517,Model3_plus_volume_vol,future_2w_excess_return
2025-02-23,0.002177058180911684,49,0.28967430549466966,Model3_plus_volume_vol,future_2w_excess_return
2025-03-02,-0.00026246566571632227,49,0.4242780219199954,Model3_plus_volume_vol,future_2w_excess_return
2025-03-09,0.0033457014649104075,49,0.20972241327702423,Model3_plus_volume_vol,future_2w_excess_return
2025-03-16,0.0022888842625446715,49,0.47429562115068336,Model3_plus_volume_vol,future_2w_excess_return
2025-03-23,0.0034436235172487645,49,0.3983319489780174,Model3_plus_volume_vol,future_2w_excess_return
2025-03-30,-0.0032528897651612036,49,0.11037230141683829,Model3_plus_volume_vol,future_2w_excess_return
2025-04-06,-0.018821825093431714,49,0.055559081817791345,Model3_plus_volume_vol,future_2w_excess_return
2025-04-13,0.007427218598732129,49,0.3087655417200207,Model3_plus_volume_vol,future_2w_excess_return
2025-04-20,-0.009044478644328332,48,0.5128852183652948,Model3_plus_volume_vol,future_2w_excess_return
2025-04-27,-0.012852325767699867,48,0.3750983775992034,Model3_plus_volume_vol,future_2w_excess_return
2025-05-04,0.006220516532374015,48,0.3777815742609423,Model3_plus_volume_vol,future_2w_excess_return
2025-05-11,0.0002178419761382916,48,0.2200181718056845,Model3_plus_volume_vol,future_2w_excess_return
2025-05-18,0.0012155745590182523,49,0.38972016829933953,Model3_plus_volume_vol,future_2w_excess_return
2025-05-25,0.01655834733493052,49,0.4740295224288108,Model3_plus_volume_vol,future_2w_excess_return
2025-06-01,-0.014501283309881291,49,0.133012673281116,Model3_plus_volume_vol,future_2w_excess_return
2025-06-08,0.005373688355776195,49,0.37547454569748173,Model3_plus_volume_vol,future_2w_excess_return
2025-06-15,-0.0021536264644055753,49,0.06062724089379401,Model3_plus_volume_vol,future_2w_excess_return
2025-06-22,-0.013917908892362163,49,0.09270200589146416,Model3_plus_volume_vol,future_2w_excess_return
2025-06-29,-0.02578802338321822,49,0.18426828736638112,Model3_plus_volume_vol,future_2w_excess_return
2025-07-06,-0.04119650079891693,48,0.3359597074738453,Model3_plus_volume_vol,future_2w_excess_return
2025-07-13,-0.017616321338023835,48,0.09979625062443809,Model3_plus_volume_vol,future_2w_excess_return
2025-07-20,-0.0027224272484083732,49,0.16303158414176477,Model3_plus_volume_vol,future_2w_excess_return
2025-07-27,0.01349015156541871,49,0.45770988556691306,Model3_plus_volume_vol,future_2w_excess_return
2025-08-03,0.031998625967287794,49,0.23907005286075922,Model3_plus_volume_vol,future_2w_excess_return
2025-08-10,0.017748909580693712,49,0.03291327521486598,Model3_plus_volume_vol,future_2w_excess_return
2025-08-17,0.004482254258893538,49,0.09689038244239312,Model3_plus_volume_vol,future_2w_excess_return
2025-08-24,0.019409173077578883,49,0.27039948869639696,Model3_plus_volume_vol,future_2w_excess_return
2025-08-31,0.02987381248568728,49,0.10917637233163235,Model3_plus_volume_vol,future_2w_excess_return
2025-09-07,0.04757317262350852,49,0.6561314786482995,Model3_plus_volume_vol,future_2w_excess_return
2025-09-14,0.006009551657063905,49,0.3011814473768146,Model3_plus_volume_vol,future_2w_excess_return
2025-09-21,0.009727481647873893,49,0.21838844544696467,Model3_plus_volume_vol,future_2w_excess_return
2025-09-28,0.0017217832534215842,49,0.26010521500106876,Model3_plus_volume_vol,future_2w_excess_return
2025-10-05,0.004879295277326428,49,0.09709830689075549,Model3_plus_volume_vol,future_2w_excess_return
2025-10-12,0.012985042611272313,49,0.5887095739636387,Model3_plus_volume_vol,future_2w_excess_return
2025-10-19,0.02038916278852384,49,0.31878208559846566,Model3_plus_volume_vol,future_2w_excess_return
2025-10-26,-0.011189412788064557,49,0.3523323600840763,Model3_plus_volume_vol,future_2w_excess_return
2025-11-02,0.0009413566593997127,49,0.19947784890754505,Model3_plus_volume_vol,future_2w_excess_return
2025-11-09,-0.01476917658748289,49,0.1803467878191506,Model3_plus_volume_vol,future_2w_excess_return
2025-11-16,-0.00026053107940976743,49,0.19107685695191368,Model3_plus_volume_vol,future_2w_excess_return
2025-11-23,-0.010122131015418886,49,0.23229744701367805,Model3_plus_volume_vol,future_2w_excess_return
2025-11-30,-0.021820219030378125,49,0.38620217096973186,Model3_plus_volume_vol,future_2w_excess_return
2025-12-07,0.003947454167426365,49,0.05627856415414478,Model3_plus_volume_vol,future_2w_excess_return
2025-12-14,-0.003666670369618201,49,0.10385696645022502,Model3_plus_volume_vol,future_2w_excess_return
2025-12-21,0.021306296944334238,49,0.3105788005732527,Model3_plus_volume_vol,future_2w_excess_return
2025-12-28,-0.017331794148876537,49,0.3044048371531557,Model3_plus_volume_vol,future_2w_excess_return
2026-01-04,0.011418929309044154,49,0.29108972692956125,Model3_plus_volume_vol,future_2w_excess_return
2026-01-11,0.005796560041449156,49,0.28628820437021585,Model3_plus_volume_vol,future_2w_excess_return
2026-01-18,0.0021670869725116497,49,0.20829145999611864,Model3_plus_volume_vol,future_2w_excess_return
2026-01-25,0.007342322836780981,49,0.1771334692326777,Model3_plus_volume_vol,future_2w_excess_return
2026-02-01,-0.00685271101111369,49,0.2624858735716652,Model3_plus_volume_vol,future_2w_excess_return
2026-02-08,-0.011928541612766323,49,0.44506881445195945,Model3_plus_volume_vol,future_2w_excess_return
2026-02-15,-0.02352602346065784,49,0.25245456328348037,Model3_plus_volume_vol,future_2w_excess_return
2026-02-22,-0.015081722738889754,49,0.21022388092438793,Model3_plus_volume_vol,future_2w_excess_return
2026-03-01,0.0017754443170453242,49,0.22809194127599697,Model3_plus_volume_vol,future_2w_excess_return
2026-03-08,-0.005993478365491731,49,0.5922595821282493,Model3_plus_volume_vol,future_2w_excess_return
2026-03-15,0.0010786019445549607,49,0.12638539508824265,Model3_plus_volume_vol,future_2w_excess_return
2026-03-22,0.012664774042115436,49,0.21765649441643065,Model3_plus_volume_vol,future_2w_excess_return
2026-03-29,-0.007307976505517948,49,0.3878633936140059,Model3_plus_volume_vol,future_2w_excess_return
2026-04-05,0.00980525877492111,49,0.2822117310517117,Model3_plus_volume_vol,future_2w_excess_return
2026-04-12,-0.010553377961962124,49,0.22357601003722705,Model3_plus_volume_vol,future_2w_excess_return
2026-04-19,-0.012473873666814933,49,0.4536007881948828,Model3_plus_volume_vol,future_2w_excess_return
2026-04-26,-0.01857311700773165,50,0.3375850648614236,Model3_plus_volume_vol,future_2w_excess_return
2026-05-03,0.04746672397783743,50,0.3882360181769402,Model3_plus_volume_vol,future_2w_excess_return
2026-05-10,0.029116319009132894,50,0.07034514746643616,Model3_plus_volume_vol,future_2w_excess_return
2026-05-17,-0.0011366379693096562,49,0.3503989907736872,Model3_plus_volume_vol,future_2w_excess_return
2026-05-24,-0.01606189799859427,49,0.28764741350770695,Model3_plus_volume_vol,future_2w_excess_return
2026-05-31,-0.021191467354178456,49,0.21620248075340098,Model3_plus_volume_vol,future_2w_excess_return
2026-06-07,-0.033803088840417245,49,0.30913270386470315,Model3_plus_volume_vol,future_2w_excess_return
2026-06-14,-0.006636861211682131,49,0.15175323049951372,Model3_plus_volume_vol,future_2w_excess_return
2026-06-21,-0.020673338567562816,50,0.22861720607840696,Model3_plus_volume_vol,future_2w_excess_return
2026-06-28,-0.012375332794545512,50,0.2055487101693444,Model3_plus_volume_vol,future_2w_excess_return
2026-07-05,0.006102579091567487,50,0.570742426841108,Model3_plus_volume_vol,future_2w_excess_return
2026-07-12,0.016691516379073866,50,0.26809913937435204,Model3_plus_volume_vol,future_2w_excess_return
2026-07-19,-0.00605547026825002,49,0.07849692120444407,Model3_plus_volume_vol,future_2w_excess_return
2022-01-09,0.010234550122837725,43,0.33649016910528085,Model3_plus_volume_vol,future_4w_excess_return
2022-01-16,-0.0028825367862496,43,0.11700489386906054,Model3_plus_volume_vol,future_4w_excess_return
2022-01-23,0.005942441682116981,43,0.5203541506432956,Model3_plus_volume_vol,future_4w_excess_return
2022-01-30,0.0067831387020720404,43,0.336435886870994,Model3_plus_volume_vol,future_4w_excess_return
2022-02-06,0.0024842774720812543,43,0.3309652252625662,Model3_plus_volume_vol,future_4w_excess_return
2022-02-13,-0.0016749434828102691,43,0.09174170167409779,Model3_plus_volume_vol,future_4w_excess_return
2022-02-20,0.004065745993941461,44,0.3427657357629831,Model3_plus_volume_vol,future_4w_excess_return
2022-02-27,0.01805698713734997,44,0.26083429134406755,Model3_plus_volume_vol,future_4w_excess_return
2022-03-06,0.04201644415228767,44,0.2822934059188086,Model3_plus_volume_vol,future_4w_excess_return
2022-03-13,0.039188218445567746,44,0.3168253396057469,Model3_plus_volume_vol,future_4w_excess_return
2022-03-20,0.009233355603615654,44,0.22605415263616957,Model3_plus_volume_vol,future_4w_excess_return
2022-03-27,0.016148407537632074,44,0.3383776847220542,Model3_plus_volume_vol,future_4w_excess_return
2022-04-03,0.0007022789584254828,44,0.15456935614358447,Model3_plus_volume_vol,future_4w_excess_return
2022-04-10,-0.0016262778861525946,44,0.2646481318185271,Model3_plus_volume_vol,future_4w_excess_return
2022-04-17,-0.005202367027249796,44,0.23908008811422277,Model3_plus_volume_vol,future_4w_excess_return
2022-04-24,-0.022767251530624484,44,0.27457019711348585,Model3_plus_volume_vol,future_4w_excess_return
2022-05-01,-0.018755226176641628,44,0.3259713190451917,Model3_plus_volume_vol,future_4w_excess_return
2022-05-08,-0.004338333346632326,44,0.3696943619525781,Model3_plus_volume_vol,future_4w_excess_return
2022-05-15,-0.016891427127857968,44,0.18929286215371743,Model3_plus_volume_vol,future_4w_excess_return
2022-05-22,0.01924472305358465,44,0.38411307657655125,Model3_plus_volume_vol,future_4w_excess_return
2022-05-29,0.0023470402641286685,44,0.42412222168881075,Model3_plus_volume_vol,future_4w_excess_return
2022-06-05,0.03245044041983344,44,0.6646862085234129,Model3_plus_volume_vol,future_4w_excess_return
2022-06-12,-0.03763796206437035,44,0.14594815619434742,Model3_plus_volume_vol,future_4w_excess_return
2022-06-19,-0.012530735808263645,44,0.21401062389139103,Model3_plus_volume_vol,future_4w_excess_return
2022-06-26,-0.02660794871393339,44,0.17292116875375108,Model3_plus_volume_vol,future_4w_excess_return
2022-07-03,0.0026300798879671794,44,0.32457178752921934,Model3_plus_volume_vol,future_4w_excess_return
2022-07-10,-0.021039117353285973,44,0.1382893511300044,Model3_plus_volume_vol,future_4w_excess_return
2022-07-17,0.007682136643120136,46,0.17800145903758846,Model3_plus_volume_vol,future_4w_excess_return
2022-07-24,0.01163066835609532,46,0.28638830588738284,Model3_plus_volume_vol,future_4w_excess_return
2022-07-31,0.014142349371767289,46,0.12079167339325048,Model3_plus_volume_vol,future_4w_excess_return
2022-08-07,0.019000962066785858,46,0.10487772041516719,Model3_plus_volume_vol,future_4w_excess_return
2022-08-14,-0.009555160398886264,46,0.10579633393810561,Model3_plus_volume_vol,future_4w_excess_return
2022-08-21,-0.017224986683291532,46,0.14271653905629,Model3_plus_volume_vol,future_4w_excess_return
2022-08-28,-0.009351023863319145,46,0.0661583167620221,Model3_plus_volume_vol,future_4w_excess_return
2022-09-04,0.013430261072768568,46,0.09095089414502999,Model3_plus_volume_vol,future_4w_excess_return
2022-09-11,-0.006054498918146488,46,0.18788271593481398,Model3_plus_volume_vol,future_4w_excess_return
2022-09-18,-0.009392573021562047,46,0.16124176816152624,Model3_plus_volume_vol,future_4w_excess_return
2022-09-25,-0.06782644933869406,46,0.3590999115084069,Model3_plus_volume_vol,future_4w_excess_return
2022-10-02,-0.014782725178796453,47,0.19452371925708423,Model3_plus_volume_vol,future_4w_excess_return
2022-10-09,-0.011960318584334342,47,0.15117378719004382,Model3_plus_volume_vol,future_4w_excess_return
2022-10-16,0.014382396854011489,47,0.23322462750144202,Model3_plus_volume_vol,future_4w_excess_return
2022-10-23,0.018503117078259745,47,0.29168996420249405,Model3_plus_volume_vol,future_4w_excess_return
2022-10-30,0.0082325980937146,47,0.33698884589556954,Model3_plus_volume_vol,future_4w_excess_return
2022-11-06,0.031141610793457467,47,0.35899505554872346,Model3_plus_volume_vol,future_4w_excess_return
2022-11-13,-0.0011562296928232896,47,0.06540853315152384,Model3_plus_volume_vol,future_4w_excess_return
2022-11-20,-0.004800432531254201,47,0.21667950546290415,Model3_plus_volume_vol,future_4w_excess_return
2022-11-27,0.00166802216676434,47,0.1647685718166253,Model3_plus_volume_vol,future_4w_excess_return
2022-12-04,-0.04013313608473164,47,0.27209252948737306,Model3_plus_volume_vol,future_4w_excess_return
2022-12-11,0.005962581942849274,48,0.05300065435307355,Model3_plus_volume_vol,future_4w_excess_return
2022-12-18,0.003910146050214246,48,0.14222768185651058,Model3_plus_volume_vol,future_4w_excess_return
2022-12-25,-0.0015165576930823137,47,0.4821787977284899,Model3_plus_volume_vol,future_4w_excess_return
2023-01-01,-0.0034766620397654463,47,0.31984662868840574,Model3_plus_volume_vol,future_4w_excess_return
2023-01-08,0.0029146771077079546,47,0.15510391661459078,Model3_plus_volume_vol,future_4w_excess_return
2023-01-15,0.0037506638475279797,47,0.11144503067004052,Model3_plus_volume_vol,future_4w_excess_return
2023-01-22,0.00751518898886081,47,0.25580941690313996,Model3_plus_volume_vol,future_4w_excess_return
2023-01-29,0.003644597474731214,47,0.24070836236871096,Model3_plus_volume_vol,future_4w_excess_return
2023-02-05,0.004093836588196346,47,0.16513564699308658,Model3_plus_volume_vol,future_4w_excess_return
2023-02-12,0.007707735404061611,47,0.16202047091093652,Model3_plus_volume_vol,future_4w_excess_return
2023-02-19,8.922287197826641e-05,48,0.19690905000658487,Model3_plus_volume_vol,future_4w_excess_return
2023-02-26,-0.01325314812159388,48,0.24485068409233357,Model3_plus_volume_vol,future_4w_excess_return
2023-03-05,-0.0017964877377346243,48,0.10130296386521298,Model3_plus_volume_vol,future_4w_excess_return
2023-03-12,0.033637451566119164,48,0.3087821486885207,Model3_plus_volume_vol,future_4w_excess_return
2023-03-19,0.0060245413562330374,48,0.009806049517241178,Model3_plus_volume_vol,future_4w_excess_return
2023-03-26,0.0019416664824819865,48,0.28749305162060435,Model3_plus_volume_vol,future_4w_excess_return
2023-04-02,0.005511847116459578,48,0.3182986067854474,Model3_plus_volume_vol,future_4w_excess_return
2023-04-09,0.014603440977575155,48,0.5140143296235484,Model3_plus_volume_vol,future_4w_excess_return
2023-04-16,0.00944001063770153,48,0.22113090294118942,Model3_plus_volume_vol,future_4w_excess_return
2023-04-23,0.025562549824185255,48,0.20089262964495846,Model3_plus_volume_vol,future_4w_excess_return
2023-04-30,0.026959740705659818,48,0.3424377947115663,Model3_plus_volume_vol,future_4w_excess_return
2023-05-07,0.03657022625204101,48,0.37081475026391597,Model3_plus_volume_vol,future_4w_excess_return
2023-05-14,0.008029127133091285,48,0.35256763382321654,Model3_plus_volume_vol,future_4w_excess_return
2023-05-21,0.0462409251904672,48,0.6224173449490473,Model3_plus_volume_vol,future_4w_excess_return
2023-05-28,0.007531625838228036,48,0.2957636887672116,Model3_plus_volume_vol,future_4w_excess_return
2023-06-04,0.012297764215607992,49,0.3692340263958219,Model3_plus_volume_vol,future_4w_excess_return
2023-06-11,0.006652900879066614,49,0.5287759944929548,Model3_plus_volume_vol,future_4w_excess_return
2023-06-18,0.02513783074090549,49,0.3782214081399279,Model3_plus_volume_vol,future_4w_excess_return
2023-06-25,-0.016640409739242218,49,0.6493339691278508,Model3_plus_volume_vol,future_4w_excess_return
2023-07-02,0.02177285889476526,49,0.4745226872798316,Model3_plus_volume_vol,future_4w_excess_return
2023-07-09,0.027024652876795452,49,0.38807711173562265,Model3_plus_volume_vol,future_4w_excess_return
2023-07-16,-0.012890424893957642,48,0.04799733030440023,Model3_plus_volume_vol,future_4w_excess_return
2023-07-23,0.011460098487486928,48,0.17102237287470368,Model3_plus_volume_vol,future_4w_excess_return
2023-07-30,0.0024508768119732016,48,0.03331049501938077,Model3_plus_volume_vol,future_4w_excess_return
2023-08-06,-0.011653813780586723,48,0.05568165530413238,Model3_plus_volume_vol,future_4w_excess_return
2023-08-13,-0.015931066714141753,48,0.1196585962490162,Model3_plus_volume_vol,future_4w_excess_return
2023-08-20,-0.022335069117036723,48,0.40452469798878465,Model3_plus_volume_vol,future_4w_excess_return
2023-08-27,0.004081573915075805,48,0.30632706252925057,Model3_plus_volume_vol,future_4w_excess_return
2023-09-03,-0.015061134880766162,48,0.3001014662527224,Model3_plus_volume_vol,future_4w_excess_return
2023-09-10,-0.0019761836115009535,48,0.32849681061143654,Model3_plus_volume_vol,future_4w_excess_return
2023-09-17,-0.023047199781195377,48,0.36405105213782185,Model3_plus_volume_vol,future_4w_excess_return
2023-09-24,0.014515273435557231,48,0.34450882831512564,Model3_plus_volume_vol,future_4w_excess_return
2023-10-01,0.006357785223001636,48,0.5460717112092136,Model3_plus_volume_vol,future_4w_excess_return
2023-10-08,0.004717025225468997,48,0.26071490046833246,Model3_plus_volume_vol,future_4w_excess_return
2023-10-15,-0.004621609524294846,47,0.126266127288985,Model3_plus_volume_vol,future_4w_excess_return
2023-10-22,-0.010594290514943212,47,0.1913837539357892,Model3_plus_volume_vol,future_4w_excess_return
2023-10-29,-0.0024494661476002558,47,0.1324648298061969,Model3_plus_volume_vol,future_4w_excess_return
2023-11-05,0.0004251762035772898,47,0.07959590718092113,Model3_plus_volume_vol,future_4w_excess_return
2023-11-12,-0.00715170297406547,47,0.23864287104688553,Model3_plus_volume_vol,future_4w_excess_return
2023-11-19,0.005961012112045666,47,0.1028527583321549,Model3_plus_volume_vol,future_4w_excess_return
2023-11-26,-0.011418716735872926,47,0.14634823762832616,Model3_plus_volume_vol,future_4w_excess_return
2023-12-03,-0.00882959348253378,47,0.09319297888684197,Model3_plus_volume_vol,future_4w_excess_return
2023-12-10,-0.03058642596657488,47,0.20952496859134107,Model3_plus_volume_vol,future_4w_excess_return
2023-12-17,0.002057958751540988,48,0.28726505383559364,Model3_plus_volume_vol,future_4w_excess_return
2023-12-24,-0.02424972672840811,48,0.5894600490397585,Model3_plus_volume_vol,future_4w_excess_return
2023-12-31,-0.003005036954881163,48,0.45452459793217337,Model3_plus_volume_vol,future_4w_excess_return
2024-01-07,-0.04393458252562951,48,0.48910426179284594,Model3_plus_volume_vol,future_4w_excess_return
2024-01-14,-0.005404400792933417,48,0.44600813046508014,Model3_plus_volume_vol,future_4w_excess_return
2024-01-21,-0.0051259821193797885,48,0.1896552510034617,Model3_plus_volume_vol,future_4w_excess_return
2024-01-28,0.013625747751622563,49,0.23016954355705632,Model3_plus_volume_vol,future_4w_excess_return
2024-02-04,-0.006281478250685545,49,0.1208043045638213,Model3_plus_volume_vol,future_4w_excess_return
2024-02-11,-0.008579126088484164,49,0.21265628098699796,Model3_plus_volume_vol,future_4w_excess_return
2024-02-18,-0.005719921407459,49,0.079844362056681,Model3_plus_volume_vol,future_4w_excess_return
2024-02-25,-0.009303799117723001,49,0.16484509949275317,Model3_plus_volume_vol,future_4w_excess_return
2024-03-03,-0.0012680897723106044,49,0.2283322972099472,Model3_plus_volume_vol,future_4w_excess_return
2024-03-10,-0.011649751696824466,49,0.1424380075426781,Model3_plus_volume_vol,future_4w_excess_return
2024-03-17,-0.00010038272390925241,49,0.1577036512545712,Model3_plus_volume_vol,future_4w_excess_return
2024-03-24,-0.005229286194063779,49,0.48007124112067556,Model3_plus_volume_vol,future_4w_excess_return
2024-03-31,-0.019561061676656864,49,0.12684083136137558,Model3_plus_volume_vol,future_4w_excess_return
2024-04-07,-0.03211065959515616,49,0.2064418923375636,Model3_plus_volume_vol,future_4w_excess_return
2024-04-14,-0.05706064460610821,49,0.22572522349893498,Model3_plus_volume_vol,future_4w_excess_return
2024-04-21,-0.02133217301968858,49,0.22222753787629912,Model3_plus_volume_vol,future_4w_excess_return
2024-04-28,0.017495600998978747,49,0.42235821708227583,Model3_plus_volume_vol,future_4w_excess_return
2024-05-05,-0.005623269189373939,49,0.09861853351948036,Model3_plus_volume_vol,future_4w_excess_return
2024-05-12,0.012481989289029445,49,0.26059053674769794,Model3_plus_volume_vol,future_4w_excess_return
2024-05-19,0.009202757243685994,49,0.25615141362498195,Model3_plus_volume_vol,future_4w_excess_return
2024-05-26,0.0019380612407838699,48,0.26400169908034155,Model3_plus_volume_vol,future_4w_excess_return
2024-06-02,-0.0002533014089046576,48,0.2708220977735558,Model3_plus_volume_vol,future_4w_excess_return
2024-06-09,0.007589691670862479,48,0.3471950721616063,Model3_plus_volume_vol,future_4w_excess_return
2024-06-16,-0.0046951627683295485,48,0.3871556358534708,Model3_plus_volume_vol,future_4w_excess_return
2024-06-23,-0.005075904776439287,49,0.44728111781275937,Model3_plus_volume_vol,future_4w_excess_return
2024-06-30,-0.015421880649197622,49,0.34499279215075807,Model3_plus_volume_vol,future_4w_excess_return
2024-07-07,0.008938602454242082,49,0.43764651940486843,Model3_plus_volume_vol,future_4w_excess_return
2024-07-14,-0.0031565222883569305,49,0.22192427271339865,Model3_plus_volume_vol,future_4w_excess_return
2024-07-21,0.003292327012790558,48,0.23358128441522574,Model3_plus_volume_vol,future_4w_excess_return
2024-07-28,-0.024980492310245097,49,0.29174155565762305,Model3_plus_volume_vol,future_4w_excess_return
2024-08-04,-0.00014526205380904073,49,0.3635245041712891,Model3_plus_volume_vol,future_4w_excess_return
2024-08-11,-0.0163734931385763,49,0.21620221272988982,Model3_plus_volume_vol,future_4w_excess_return
2024-08-18,0.008056225219200703,50,0.24639260878409752,Model3_plus_volume_vol,future_4w_excess_return
2024-08-25,-5.712294295793369e-05,50,0.1111516986859098,Model3_plus_volume_vol,future_4w_excess_return
2024-09-01,0.004062459933952153,50,0.09635463296099744,Model3_plus_volume_vol,future_4w_excess_return
2024-09-08,0.016469481084073413,50,0.1968038622498297,Model3_plus_volume_vol,future_4w_excess_return
2024-09-15,0.01457879663266802,50,0.09660644823537323,Model3_plus_volume_vol,future_4w_excess_return
2024-09-22,0.002481688682072422,49,0.271591086161893,Model3_plus_volume_vol,future_4w_excess_return
2024-09-29,-0.015823455262725356,49,0.3348705708149545,Model3_plus_volume_vol,future_4w_excess_return
2024-10-06,-0.008436381220172984,49,0.38153197714816467,Model3_plus_volume_vol,future_4w_excess_return
2024-10-13,-0.0015420769051418398,49,0.267549636915541,Model3_plus_volume_vol,future_4w_excess_return
2024-10-20,-0.00816822758490816,49,0.10006951901091199,Model3_plus_volume_vol,future_4w_excess_return
2024-10-27,-0.0051755139294554775,49,0.20825090379378852,Model3_plus_volume_vol,future_4w_excess_return
2024-11-03,-0.0072988891331986945,49,0.19049552031062278,Model3_plus_volume_vol,future_4w_excess_return
2024-11-10,0.0247920987638668,49,0.0691404099014008,Model3_plus_volume_vol,future_4w_excess_return
2024-11-17,-0.00805692029002164,49,0.2236327700329579,Model3_plus_volume_vol,future_4w_excess_return
2024-11-24,0.015359711956081615,49,0.43702011182260403,Model3_plus_volume_vol,future_4w_excess_return
2024-12-01,-0.009884815300906045,49,0.46832186567758394,Model3_plus_volume_vol,future_4w_excess_return
2024-12-08,-0.0058926331681652296,49,0.36152353585138186,Model3_plus_volume_vol,future_4w_excess_return
2024-12-15,-0.012765393282046109,49,0.17736379474414776,Model3_plus_volume_vol,future_4w_excess_return
2024-12-22,0.00038822902895874895,49,0.14369897131028142,Model3_plus_volume_vol,future_4w_excess_return
2024-12-29,0.010553478569206215,49,0.43751404184947484,Model3_plus_volume_vol,future_4w_excess_return
2025-01-05,0.01658151775369493,49,0.39968868219953246,Model3_plus_volume_vol,future_4w_excess_return
2025-01-12,-0.005968288675702486,49,0.05208336904893496,Model3_plus_volume_vol,future_4w_excess_return
2025-01-19,-0.00394288935086398,49,0.05740517807115986,Model3_plus_volume_vol,future_4w_excess_return
2025-01-26,-0.03320266255104869,49,0.19907664455933416,Model3_plus_volume_vol,future_4w_excess_return
2025-02-02,-0.030604769303214097,49,0.18001689168167034,Model3_plus_volume_vol,future_4w_excess_return
2025-02-09,-0.014452876328163847,49,0.5487846570292705,Model3_plus_volume_vol,future_4w_excess_return
2025-02-16,-0.012303642251705401,49,0.38467683779639283,Model3_plus_volume_vol,future_4w_excess_return
2025-02-23,-0.005500252079276381,49,0.2321356221934212,Model3_plus_volume_vol,future_4w_excess_return
2025-03-02,-0.0022844767020845716,49,0.3163561676350942,Model3_plus_volume_vol,future_4w_excess_return
2025-03-09,0.0027689538952918313,49,0.36859149599260277,Model3_plus_volume_vol,future_4w_excess_return
2025-03-16,0.005575155495464307,49,0.4068184618638937,Model3_plus_volume_vol,future_4w_excess_return
2025-03-23,0.004442323338431729,49,0.28825918775701265,Model3_plus_volume_vol,future_4w_excess_return
2025-03-30,-0.001300996791379544,49,0.17804427408357848,Model3_plus_volume_vol,future_4w_excess_return
2025-04-06,-0.027527650037432995,49,0.35351520741210984,Model3_plus_volume_vol,future_4w_excess_return
2025-04-13,0.003560316679991099,49,0.4503437497757512,Model3_plus_volume_vol,future_4w_excess_return
2025-04-20,-0.005741799749774637,48,0.41089842418191036,Model3_plus_volume_vol,future_4w_excess_return
2025-04-27,-0.009953388849125555,48,0.3201900044980077,Model3_plus_volume_vol,future_4w_excess_return
2025-05-04,0.013451931623386537,48,0.44143208769235487,Model3_plus_volume_vol,future_4w_excess_return
2025-05-11,0.026267272575526968,48,0.44782497329547366,Model3_plus_volume_vol,future_4w_excess_return
2025-05-18,0.004742697767589649,49,0.5497090454003117,Model3_plus_volume_vol,future_4w_excess_return
2025-05-25,0.027292160857438602,49,0.3954792698699753,Model3_plus_volume_vol,future_4w_excess_return
2025-06-01,-0.012145139622197387,49,0.1173628189079231,Model3_plus_volume_vol,future_4w_excess_return
2025-06-08,-0.006491141503585956,49,0.1108819637041647,Model3_plus_volume_vol,future_4w_excess_return
2025-06-15,-0.0001579302941773289,49,0.05481179505541467,Model3_plus_volume_vol,future_4w_excess_return
2025-06-22,-0.02527376385049572,49,0.18938344211498992,Model3_plus_volume_vol,future_4w_excess_return
2025-06-29,-0.04562304920098301,49,0.19497661493666685,Model3_plus_volume_vol,future_4w_excess_return
2025-07-06,-0.04348789205041131,48,0.35665855362431553,Model3_plus_volume_vol,future_4w_excess_return
2025-07-13,0.005609619532158827,48,0.31295153385730046,Model3_plus_volume_vol,future_4w_excess_return
2025-07-20,0.007285199248406177,49,0.23186873703306443,Model3_plus_volume_vol,future_4w_excess_return
2025-07-27,0.053915765475347266,49,0.26160791199648337,Model3_plus_volume_vol,future_4w_excess_return
2025-08-03,0.049825673475388285,49,0.15488998162888545,Model3_plus_volume_vol,future_4w_excess_return
2025-08-10,0.018409598042446212,49,0.2634724456521753,Model3_plus_volume_vol,future_4w_excess_return
2025-08-17,0.05290547310877845,49,0.1426513273095109,Model3_plus_volume_vol,future_4w_excess_return
2025-08-24,0.048952814235140876,49,0.2702721845150551,Model3_plus_volume_vol,future_4w_excess_return
2025-08-31,0.040184027123764766,49,0.10768691787124407,Model3_plus_volume_vol,future_4w_excess_return
2025-09-07,0.0534438833845447,49,0.586727509507509,Model3_plus_volume_vol,future_4w_excess_return
2025-09-14,0.027054392234620347,49,0.29911545645455184,Model3_plus_volume_vol,future_4w_excess_return
2025-09-21,0.010862934937948442,49,0.31625298429802573,Model3_plus_volume_vol,future_4w_excess_return
2025-09-28,0.033272042028482884,49,0.6110364799313315,Model3_plus_volume_vol,future_4w_excess_return
2025-10-05,0.009386503193208509,49,0.3336578151285684,Model3_plus_volume_vol,future_4w_excess_return
2025-10-12,-0.001209901833496535,49,0.5632315596216566,Model3_plus_volume_vol,future_4w_excess_return
2025-10-19,0.03147371755618729,49,0.4228294961521175,Model3_plus_volume_vol,future_4w_excess_return
2025-10-26,-0.027514923380152663,49,0.2124902873349308,Model3_plus_volume_vol,future_4w_excess_return
2025-11-02,-0.0028386857204169835,49,0.09057043787752428,Model3_plus_volume_vol,future_4w_excess_return
2025-11-09,-0.018399097852320478,49,0.0598901979396802,Model3_plus_volume_vol,future_4w_excess_return
2025-11-16,-0.008356440668956584,49,0.022272966967397667,Model3_plus_volume_vol,future_4w_excess_return
2025-11-23,-0.010223882029226864,49,0.32200736168895616,Model3_plus_volume_vol,future_4w_excess_return
2025-11-30,-0.021549177544339146,49,0.35479767392934325,Model3_plus_volume_vol,future_4w_excess_return
2025-12-07,0.00015985827352369558,49,0.38733241619761016,Model3_plus_volume_vol,future_4w_excess_return
2025-12-14,0.008091974893775333,49,0.4292823223378205,Model3_plus_volume_vol,future_4w_excess_return
2025-12-21,0.046928390468566505,49,0.4396312757487929,Model3_plus_volume_vol,future_4w_excess_return
2025-12-28,-0.007212982782888814,49,0.3847786641197052,Model3_plus_volume_vol,future_4w_excess_return
2026-01-04,0.02073242191606312,49,0.3407728161852198,Model3_plus_volume_vol,future_4w_excess_return
2026-01-11,-0.007702199959259526,49,0.3316860085885358,Model3_plus_volume_vol,future_4w_excess_return
2026-01-18,-0.011222122300762326,49,0.2959007138206444,Model3_plus_volume_vol,future_4w_excess_return
2026-01-25,0.0010941115446236882,49,0.24047588384243535,Model3_plus_volume_vol,future_4w_excess_return
2026-02-01,0.0006683259993111937,49,0.3605223236445636,Model3_plus_volume_vol,future_4w_excess_return
2026-02-08,-0.019245391781738733,49,0.08809766122888496,Model3_plus_volume_vol,future_4w_excess_return
2026-02-15,-0.044540094371069386,49,0.3122550697282853,Model3_plus_volume_vol,future_4w_excess_return
2026-02-22,-0.01705714327902301,49,0.24232651207449862,Model3_plus_volume_vol,future_4w_excess_return
2026-03-01,0.013828532153594905,49,0.362213482836127,Model3_plus_volume_vol,future_4w_excess_return
2026-03-08,0.01198382183825528,49,0.5424415480312612,Model3_plus_volume_vol,future_4w_excess_return
2026-03-15,-0.015156778267070658,49,0.32103043001357623,Model3_plus_volume_vol,future_4w_excess_return
2026-03-22,0.006606811520846474,49,0.25664118272502123,Model3_plus_volume_vol,future_4w_excess_return
2026-03-29,-0.010687107608276264,49,0.2521440352665799,Model3_plus_volume_vol,future_4w_excess_return
2026-04-05,-6.503384823447478e-05,49,0.4195573153192502,Model3_plus_volume_vol,future_4w_excess_return
2026-04-12,0.009164440705138693,49,0.19392386412774354,Model3_plus_volume_vol,future_4w_excess_return
2026-04-19,0.017421184266125767,49,0.4314550951416657,Model3_plus_volume_vol,future_4w_excess_return
2026-04-26,-0.0070213681460727095,50,0.24286064999700385,Model3_plus_volume_vol,future_4w_excess_return
2026-05-03,0.03490771322688513,50,0.3335652098893479,Model3_plus_volume_vol,future_4w_excess_return
2026-05-10,0.016137803275837845,50,0.015193856331784272,Model3_plus_volume_vol,future_4w_excess_return
2026-05-17,-0.01709515040764361,49,0.3270270660082153,Model3_plus_volume_vol,future_4w_excess_return
2026-05-24,-0.039853290582551715,49,0.46790013057100055,Model3_plus_volume_vol,future_4w_excess_return
2026-05-31,-0.030562781269321472,49,0.17405233632347372,Model3_plus_volume_vol,future_4w_excess_return
2026-06-07,-0.03990612146047252,49,0.13467044177493925,Model3_plus_volume_vol,future_4w_excess_return
2026-06-14,-0.004628065367795732,49,0.05709097510784167,Model3_plus_volume_vol,future_4w_excess_return
2026-06-21,-0.020939686097297516,50,0.5203182567742114,Model3_plus_volume_vol,future_4w_excess_return
2026-06-28,0.007300548537727394,50,0.3872005250323274,Model3_plus_volume_vol,future_4w_excess_return
2026-07-05,0.002770265227631463,50,0.3454244308585064,Model3_plus_volume_vol,future_4w_excess_return
2026-07-12,0.0006933021145793614,50,0.01890535278692007,Model3_plus_volume_vol,future_4w_excess_return
2026-07-19,-0.0025393262470777,49,0.17619841166499628,Model3_plus_volume_vol,future_4w_excess_return
2022-01-09,-0.001570195236965428,43,0.9379824627633742,Model4_plus_liquidity_industry_FE,future_1w_excess_return
2022-01-16,-0.0031530708518625787,43,0.945860231527874,Model4_plus_liquidity_industry_FE,future_1w_excess_return
2022-01-23,-0.00907586246456519,43,0.9530845204966579,Model4_plus_liquidity_industry_FE,future_1w_excess_return
2022-01-30,-0.011601304511295213,43,0.9035495712831038,Model4_plus_liquidity_industry_FE,future_1w_excess_return
2022-02-06,-0.007913533366736216,43,0.9015287099272055,Model4_plus_liquidity_industry_FE,future_1w_excess_return
2022-02-13,-0.0017286533897574643,43,0.8685384256808949,Model4_plus_liquidity_industry_FE,future_1w_excess_return
2022-02-20,-0.003560727108134014,44,0.721238459902466,Model4_plus_liquidity_industry_FE,future_1w_excess_return
2022-02-27,0.016749461198909275,44,0.9020859473876505,Model4_plus_liquidity_industry_FE,future_1w_excess_return
2022-03-06,-0.006291678241790118,44,0.7561911510671162,Model4_plus_liquidity_industry_FE,future_1w_excess_return
2022-03-13,-0.009370544339842211,44,0.8596810701792803,Model4_plus_liquidity_industry_FE,future_1w_excess_return
2022-03-20,0.0002330793430715707,44,0.8848286972277593,Model4_plus_liquidity_industry_FE,future_1w_excess_return
2022-03-27,-0.0018423949032047046,44,0.9500809996291881,Model4_plus_liquidity_industry_FE,future_1w_excess_return
2022-04-03,0.00021884492193251703,44,0.9191162114565032,Model4_plus_liquidity_industry_FE,future_1w_excess_return
2022-04-10,0.0014271122387829692,44,0.894974956951623,Model4_plus_liquidity_industry_FE,future_1w_excess_return
2022-04-17,0.002619872955526368,44,0.8799011036953571,Model4_plus_liquidity_industry_FE,future_1w_excess_return
2022-04-24,0.0005267861019586603,44,0.9387256149981967,Model4_plus_liquidity_industry_FE,future_1w_excess_return
2022-05-01,-0.0005453854942530833,44,0.9193537247301764,Model4_plus_liquidity_industry_FE,future_1w_excess_return
2022-05-08,0.009584235102040315,44,0.9479465879014188,Model4_plus_liquidity_industry_FE,future_1w_excess_return
2022-05-15,-0.01204485066533392,44,0.9236938232899476,Model4_plus_liquidity_industry_FE,future_1w_excess_return
2022-05-22,0.002142822663517432,44,0.8747383194380483,Model4_plus_liquidity_industry_FE,future_1w_excess_return
2022-05-29,-0.005007461112856926,44,0.9187387626804027,Model4_plus_liquidity_industry_FE,future_1w_excess_return
2022-06-05,-0.007130567728068121,44,0.9069902383095343,Model4_plus_liquidity_industry_FE,future_1w_excess_return
2022-06-12,-0.0069893443059574865,44,0.9515146366757241,Model4_plus_liquidity_industry_FE,future_1w_excess_return
2022-06-19,-0.023159235791493253,44,0.8955433843813946,Model4_plus_liquidity_industry_FE,future_1w_excess_return
2022-06-26,0.0010720509571962434,44,0.93988921646879,Model4_plus_liquidity_industry_FE,future_1w_excess_return
2022-07-03,0.013111513956104423,44,0.9358263535414532,Model4_plus_liquidity_industry_FE,future_1w_excess_return
2022-07-10,0.000559134441284726,44,0.9303091880665845,Model4_plus_liquidity_industry_FE,future_1w_excess_return
2022-07-17,0.0008159962566864432,46,0.8594372197384926,Model4_plus_liquidity_industry_FE,future_1w_excess_return
2022-07-24,0.010483728841203663,46,0.9322628621170491,Model4_plus_liquidity_industry_FE,future_1w_excess_return
2022-07-31,0.003483799893686018,46,0.8802485465053509,Model4_plus_liquidity_industry_FE,future_1w_excess_return
2022-08-07,0.0036794105192092586,46,0.9686762740381993,Model4_plus_liquidity_industry_FE,future_1w_excess_return
2022-08-14,-0.0030668086805682297,46,0.8814289617841858,Model4_plus_liquidity_industry_FE,future_1w_excess_return
2022-08-21,0.0029133775852367054,46,0.9548041252939062,Model4_plus_liquidity_industry_FE,future_1w_excess_return
2022-08-28,0.005707882546027788,46,0.9776738547183929,Model4_plus_liquidity_industry_FE,future_1w_excess_return
2022-09-04,-0.13382437589650975,46,0.5431778715838174,Model4_plus_liquidity_industry_FE,future_1w_excess_return
2022-09-11,-0.010599545693912645,46,0.5608530430894092,Model4_plus_liquidity_industry_FE,future_1w_excess_return
2022-09-18,-0.011473919409679303,46,0.8319810461827999,Model4_plus_liquidity_industry_FE,future_1w_excess_return
2022-09-25,0.026832313045812156,46,0.9108026463335237,Model4_plus_liquidity_industry_FE,future_1w_excess_return
2022-10-02,0.0008849382713878627,47,0.7183535902074123,Model4_plus_liquidity_industry_FE,future_1w_excess_return
2022-10-09,-0.004991270341889582,47,0.9197870547942073,Model4_plus_liquidity_industry_FE,future_1w_excess_return
2022-10-16,0.009222225943021304,47,0.9741570044200268,Model4_plus_liquidity_industry_FE,future_1w_excess_return
2022-10-23,0.00974008070140296,47,0.7704439133824521,Model4_plus_liquidity_industry_FE,future_1w_excess_return
2022-10-30,-0.002402289659229632,47,0.9650501990797578,Model4_plus_liquidity_industry_FE,future_1w_excess_return
2022-11-06,-0.0209346841917823,47,0.9116098850774458,Model4_plus_liquidity_industry_FE,future_1w_excess_return
2022-11-13,-0.004549303124576573,47,0.910636904564101,Model4_plus_liquidity_industry_FE,future_1w_excess_return
2022-11-20,0.007240626990937968,47,0.9330342896366607,Model4_plus_liquidity_industry_FE,future_1w_excess_return
2022-11-27,-0.0048121126801373565,47,0.8735508273938095,Model4_plus_liquidity_industry_FE,future_1w_excess_return
2022-12-04,0.014135739847688459,47,0.9159949627762956,Model4_plus_liquidity_industry_FE,future_1w_excess_return
2022-12-11,0.0020638238122235152,48,0.818937491696585,Model4_plus_liquidity_industry_FE,future_1w_excess_return
2022-12-18,0.0016007899163178524,48,0.8947224164584937,Model4_plus_liquidity_industry_FE,future_1w_excess_return
2022-12-25,0.0019247610662679515,47,0.8166013973728626,Model4_plus_liquidity_industry_FE,future_1w_excess_return
2023-01-01,0.0007441447504120959,47,0.8732382200051496,Model4_plus_liquidity_industry_FE,future_1w_excess_return
2023-01-08,0.000160512795535416,47,0.9122882636058338,Model4_plus_liquidity_industry_FE,future_1w_excess_return
2023-01-15,-0.0033613636850870943,47,0.7329346336136946,Model4_plus_liquidity_industry_FE,future_1w_excess_return
2023-01-22,0.006837206214488851,47,0.9040369451815633,Model4_plus_liquidity_industry_FE,future_1w_excess_return
2023-01-29,0.004879951048732363,47,0.8973888541808437,Model4_plus_liquidity_industry_FE,future_1w_excess_return
2023-02-05,-0.008322556243575387,47,0.8958173426270805,Model4_plus_liquidity_industry_FE,future_1w_excess_return
2023-02-12,0.00958213668050224,47,0.8019019906347369,Model4_plus_liquidity_industry_FE,future_1w_excess_return
2023-02-19,-0.0014006816065060945,48,0.8702277294669283,Model4_plus_liquidity_industry_FE,future_1w_excess_return
2023-02-26,0.0015751368561514904,48,0.8532616370350261,Model4_plus_liquidity_industry_FE,future_1w_excess_return
2023-03-05,0.001576016438353938,48,0.8965837815409774,Model4_plus_liquidity_industry_FE,future_1w_excess_return
2023-03-12,0.016732090361978622,48,0.9730246503008382,Model4_plus_liquidity_industry_FE,future_1w_excess_return
2023-03-19,-0.0013284038364100078,48,0.9256060034865268,Model4_plus_liquidity_industry_FE,future_1w_excess_return
2023-03-26,-0.005836492830598585,48,0.727251047768239,Model4_plus_liquidity_industry_FE,future_1w_excess_return
2023-04-02,0.003407981977177477,48,0.6996107079728179,Model4_plus_liquidity_industry_FE,future_1w_excess_return
2023-04-09,-0.0032057566606483938,48,0.6465545083191722,Model4_plus_liquidity_industry_FE,future_1w_excess_return
2023-04-16,0.004282723635785998,48,0.9109868827271838,Model4_plus_liquidity_industry_FE,future_1w_excess_return
2023-04-23,0.007646068562994189,48,0.8841921527010386,Model4_plus_liquidity_industry_FE,future_1w_excess_return
2023-04-30,0.006484525624116841,48,0.8764512134552412,Model4_plus_liquidity_industry_FE,future_1w_excess_return
2023-05-07,0.019775254308668746,48,0.9097841374056614,Model4_plus_liquidity_industry_FE,future_1w_excess_return
2023-05-14,0.0038671626820234303,48,0.8541678240341388,Model4_plus_liquidity_industry_FE,future_1w_excess_return
2023-05-21,-0.002243964819718865,48,0.9425929321455367,Model4_plus_liquidity_industry_FE,future_1w_excess_return
2023-05-28,0.009515323798183872,48,0.8133288734392521,Model4_plus_liquidity_industry_FE,future_1w_excess_return
2023-06-04,0.038416264128953596,49,0.8654855268331614,Model4_plus_liquidity_industry_FE,future_1w_excess_return
2023-06-11,0.006258739765726673,49,0.9181725620855672,Model4_plus_liquidity_industry_FE,future_1w_excess_return
2023-06-18,0.010387320508774583,49,0.9528171060358847,Model4_plus_liquidity_industry_FE,future_1w_excess_return
2023-06-25,0.000270428382907314,49,0.8826917752806007,Model4_plus_liquidity_industry_FE,future_1w_excess_return
2023-07-02,-0.009306915679047185,49,0.9171162517417313,Model4_plus_liquidity_industry_FE,future_1w_excess_return
2023-07-09,0.013326996964044789,49,0.9673465489146207,Model4_plus_liquidity_industry_FE,future_1w_excess_return
2023-07-16,0.012646062729023556,48,0.9895028965749737,Model4_plus_liquidity_industry_FE,future_1w_excess_return
2023-07-23,-0.007039587349229931,48,0.9630765088432852,Model4_plus_liquidity_industry_FE,future_1w_excess_return
2023-07-30,0.012673272861992203,48,0.9175560247944138,Model4_plus_liquidity_industry_FE,future_1w_excess_return
2023-08-06,-0.011813737616865045,48,0.9140073912723263,Model4_plus_liquidity_industry_FE,future_1w_excess_return
2023-08-13,0.004436940976299187,48,0.9476707772137257,Model4_plus_liquidity_industry_FE,future_1w_excess_return
2023-08-20,-0.005732435658382431,48,0.955829276740384,Model4_plus_liquidity_industry_FE,future_1w_excess_return
2023-08-27,0.0008266088457271213,48,0.8808646263935018,Model4_plus_liquidity_industry_FE,future_1w_excess_return
2023-09-03,-4.2662502728498105e-06,48,0.8878516202231788,Model4_plus_liquidity_industry_FE,future_1w_excess_return
2023-09-10,-0.008425512884090556,48,0.924973946264799,Model4_plus_liquidity_industry_FE,future_1w_excess_return
2023-09-17,-0.005005197943913446,48,0.7746088151755319,Model4_plus_liquidity_industry_FE,future_1w_excess_return
2023-09-24,-0.0023640551624988368,48,0.990388530410028,Model4_plus_liquidity_industry_FE,future_1w_excess_return
2023-10-01,0.00016761957378603516,48,0.9118470792761675,Model4_plus_liquidity_industry_FE,future_1w_excess_return
2023-10-08,-0.0003946501463348933,48,0.9867003095845978,Model4_plus_liquidity_industry_FE,future_1w_excess_return
2023-10-15,0.0059225198668181045,47,0.9364034281862792,Model4_plus_liquidity_industry_FE,future_1w_excess_return
2023-10-22,-0.0018802438150082642,47,0.8958139022083926,Model4_plus_liquidity_industry_FE,future_1w_excess_return
2023-10-29,0.002205334227956076,47,0.8418785471498226,Model4_plus_liquidity_industry_FE,future_1w_excess_return
2023-11-05,-0.007525162040663185,47,0.9564598517665951,Model4_plus_liquidity_industry_FE,future_1w_excess_return
2023-11-12,0.015354158096502094,47,0.9124845589898378,Model4_plus_liquidity_industry_FE,future_1w_excess_return
2023-11-19,-0.0011417472078688964,47,0.9608309015990724,Model4_plus_liquidity_industry_FE,future_1w_excess_return
2023-11-26,0.0026568922644998527,47,0.8600763754389535,Model4_plus_liquidity_industry_FE,future_1w_excess_return
2023-12-03,-0.004679844961474603,47,0.8221197333850486,Model4_plus_liquidity_industry_FE,future_1w_excess_return
2023-12-10,0.0008347466491307014,47,0.812268546711251,Model4_plus_liquidity_industry_FE,future_1w_excess_return
2023-12-17,0.013618823007199195,48,0.9088902586458563,Model4_plus_liquidity_industry_FE,future_1w_excess_return
2023-12-24,-0.027220778736930632,48,0.8310670951137582,Model4_plus_liquidity_industry_FE,future_1w_excess_return
2023-12-31,-0.003489075623441966,48,0.9203005738770205,Model4_plus_liquidity_industry_FE,future_1w_excess_return
2024-01-07,-0.012602517916967234,48,0.9130580423730779,Model4_plus_liquidity_industry_FE,future_1w_excess_return
2024-01-14,0.025413328861381854,48,0.9366667864560815,Model4_plus_liquidity_industry_FE,future_1w_excess_return
2024-01-21,-0.01316784755287843,48,0.9646871967002754,Model4_plus_liquidity_industry_FE,future_1w_excess_return
2024-01-28,0.0036978262882155595,49,0.9544272626227356,Model4_plus_liquidity_industry_FE,future_1w_excess_return
2024-02-04,0.004994169866072011,49,0.9494606954940984,Model4_plus_liquidity_industry_FE,future_1w_excess_return
2024-02-11,-0.019435951314031773,49,0.9566045011262135,Model4_plus_liquidity_industry_FE,future_1w_excess_return
2024-02-18,0.02436465783932098,49,0.9487108281673295,Model4_plus_liquidity_industry_FE,future_1w_excess_return
2024-02-25,-0.008037438405464042,49,0.8858380187795305,Model4_plus_liquidity_industry_FE,future_1w_excess_return
2024-03-03,-0.01273581894747382,49,0.9147258898640279,Model4_plus_liquidity_industry_FE,future_1w_excess_return
2024-03-10,-0.002393170539726482,49,0.9609990293942869,Model4_plus_liquidity_industry_FE,future_1w_excess_return
2024-03-17,0.00482309379765161,49,0.9110283797899154,Model4_plus_liquidity_industry_FE,future_1w_excess_return
2024-03-24,0.006355549468125398,49,0.9150517204133579,Model4_plus_liquidity_industry_FE,future_1w_excess_return
2024-03-31,-0.004159344718779647,49,0.8910940082109006,Model4_plus_liquidity_industry_FE,future_1w_excess_return
2024-04-07,-0.003448426598687858,49,0.925404019637846,Model4_plus_liquidity_industry_FE,future_1w_excess_return
2024-04-14,0.004126088464332005,49,0.9262971782445855,Model4_plus_liquidity_industry_FE,future_1w_excess_return
2024-04-21,0.0013194465818267304,49,0.8921790015261489,Model4_plus_liquidity_industry_FE,future_1w_excess_return
2024-04-28,-0.00432209877050301,49,0.8584236367665398,Model4_plus_liquidity_industry_FE,future_1w_excess_return
2024-05-05,0.003877948082729313,49,0.8665224973206449,Model4_plus_liquidity_industry_FE,future_1w_excess_return
2024-05-12,0.01905562881368337,49,0.8328866084650008,Model4_plus_liquidity_industry_FE,future_1w_excess_return
2024-05-19,0.009259925665093207,49,0.9336588934596158,Model4_plus_liquidity_industry_FE,future_1w_excess_return
2024-05-26,0.005432061010832264,48,0.9035272250682664,Model4_plus_liquidity_industry_FE,future_1w_excess_return
2024-06-02,-0.005042407408097542,48,0.8777371449931594,Model4_plus_liquidity_industry_FE,future_1w_excess_return
2024-06-09,-0.0011200835725362927,48,0.9056833175929776,Model4_plus_liquidity_industry_FE,future_1w_excess_return
2024-06-16,-0.007071866889320422,48,0.8841966122523633,Model4_plus_liquidity_industry_FE,future_1w_excess_return
2024-06-23,0.002865458109996492,49,0.8126195565181449,Model4_plus_liquidity_industry_FE,future_1w_excess_return
2024-06-30,-0.006352426923801895,49,0.9099413307178565,Model4_plus_liquidity_industry_FE,future_1w_excess_return
2024-07-07,-0.0016058172167251442,49,0.734099958716963,Model4_plus_liquidity_industry_FE,future_1w_excess_return
2024-07-14,-0.0012849629784926274,49,0.9314300896279064,Model4_plus_liquidity_industry_FE,future_1w_excess_return
2024-07-21,-0.00593711095134458,48,0.9367519575124117,Model4_plus_liquidity_industry_FE,future_1w_excess_return
2024-07-28,-0.004216920301499541,49,0.8903564744577945,Model4_plus_liquidity_industry_FE,future_1w_excess_return
2024-08-04,0.0032130609366882025,49,0.7741421805140634,Model4_plus_liquidity_industry_FE,future_1w_excess_return
2024-08-11,-0.017620757380803036,49,0.870823701385218,Model4_plus_liquidity_industry_FE,future_1w_excess_return
2024-08-18,-0.004754164817683518,50,0.6722080463381289,Model4_plus_liquidity_industry_FE,future_1w_excess_return
2024-08-25,-0.002668359382763081,50,0.8969932119917243,Model4_plus_liquidity_industry_FE,future_1w_excess_return
2024-09-01,-0.0017744429874971771,50,0.8954751906195224,Model4_plus_liquidity_industry_FE,future_1w_excess_return
2024-09-08,-0.002681892023116228,50,0.8545068313626706,Model4_plus_liquidity_industry_FE,future_1w_excess_return
2024-09-15,0.0032774432913541974,50,0.8428449273639792,Model4_plus_liquidity_industry_FE,future_1w_excess_return
2024-09-22,0.0064857070750876005,49,0.8374877000887524,Model4_plus_liquidity_industry_FE,future_1w_excess_return
2024-09-29,-0.012302221280019949,49,0.8904788360935091,Model4_plus_liquidity_industry_FE,future_1w_excess_return
2024-10-06,0.009476179801585664,49,0.8828740641088004,Model4_plus_liquidity_industry_FE,future_1w_excess_return
2024-10-13,-0.00949062575906148,49,0.8835288279042113,Model4_plus_liquidity_industry_FE,future_1w_excess_return
2024-10-20,-0.013150082139733288,49,0.8731774318394065,Model4_plus_liquidity_industry_FE,future_1w_excess_return
2024-10-27,0.012973521334530067,49,0.9278734139799648,Model4_plus_liquidity_industry_FE,future_1w_excess_return
2024-11-03,-0.009325902181182663,49,0.8428807866120263,Model4_plus_liquidity_industry_FE,future_1w_excess_return
2024-11-10,0.01895888063527384,49,0.9222421719499224,Model4_plus_liquidity_industry_FE,future_1w_excess_return
2024-11-17,0.002878511170032307,49,0.8318119389126196,Model4_plus_liquidity_industry_FE,future_1w_excess_return
2024-11-24,-0.0066100921914674735,49,0.8641602130433148,Model4_plus_liquidity_industry_FE,future_1w_excess_return
2024-12-01,-0.027877780051247924,49,0.8660024782351537,Model4_plus_liquidity_industry_FE,future_1w_excess_return
2024-12-08,-0.03257481739647246,49,0.9127719610494646,Model4_plus_liquidity_industry_FE,future_1w_excess_return
2024-12-15,0.01261749444787831,49,0.8835665127866685,Model4_plus_liquidity_industry_FE,future_1w_excess_return
2024-12-22,-0.006930465268905776,49,0.821105949019629,Model4_plus_liquidity_industry_FE,future_1w_excess_return
2024-12-29,0.006171031016154172,49,0.8246204700460887,Model4_plus_liquidity_industry_FE,future_1w_excess_return
2025-01-05,-0.007187302790233593,49,0.9373978951421702,Model4_plus_liquidity_industry_FE,future_1w_excess_return
2025-01-12,0.015153514941488682,49,0.8602793930279538,Model4_plus_liquidity_industry_FE,future_1w_excess_return
2025-01-19,-0.019574595930540895,49,0.9164429419530937,Model4_plus_liquidity_industry_FE,future_1w_excess_return
2025-01-26,0.004100829575039869,49,0.9133245420182832,Model4_plus_liquidity_industry_FE,future_1w_excess_return
2025-02-02,0.005645247828616645,49,0.9154278600928237,Model4_plus_liquidity_industry_FE,future_1w_excess_return
2025-02-09,-0.014106322051329162,49,0.8530798601617808,Model4_plus_liquidity_industry_FE,future_1w_excess_return
2025-02-16,-0.02159775000316661,49,0.8267323353190372,Model4_plus_liquidity_industry_FE,future_1w_excess_return
2025-02-23,-0.002785616654212386,49,0.9480431934759437,Model4_plus_liquidity_industry_FE,future_1w_excess_return
2025-03-02,0.009706074162334426,49,0.9413143888554328,Model4_plus_liquidity_industry_FE,future_1w_excess_return
2025-03-09,0.014420576135181532,49,0.9046600308156244,Model4_plus_liquidity_industry_FE,future_1w_excess_return
2025-03-16,-0.004372439171252702,49,0.9417057106044968,Model4_plus_liquidity_industry_FE,future_1w_excess_return
2025-03-23,-0.013703659208505156,49,0.8942094700331165,Model4_plus_liquidity_industry_FE,future_1w_excess_return
2025-03-30,-0.007663925103458199,49,0.9502332515479078,Model4_plus_liquidity_industry_FE,future_1w_excess_return
2025-04-06,-0.024751837629790784,49,0.8801037360138219,Model4_plus_liquidity_industry_FE,future_1w_excess_return
2025-04-13,0.001128760360634356,49,0.7630563185530005,Model4_plus_liquidity_industry_FE,future_1w_excess_return
2025-04-20,-0.0009279308335808558,48,0.9494241007188773,Model4_plus_liquidity_industry_FE,future_1w_excess_return
2025-04-27,-0.008908153296334386,48,0.8347743384772499,Model4_plus_liquidity_industry_FE,future_1w_excess_return
2025-05-04,-0.007446367261886692,48,0.8368273383970602,Model4_plus_liquidity_industry_FE,future_1w_excess_return
2025-05-11,0.026191388873378352,48,0.9437444884046758,Model4_plus_liquidity_industry_FE,future_1w_excess_return
2025-05-18,-0.005323436185521279,49,0.8486273249669571,Model4_plus_liquidity_industry_FE,future_1w_excess_return
2025-05-25,0.009026164281050495,49,0.9373873886229,Model4_plus_liquidity_industry_FE,future_1w_excess_return
2025-06-01,0.0020375594715483746,49,0.8606088941373446,Model4_plus_liquidity_industry_FE,future_1w_excess_return
2025-06-08,-0.007126567280779218,49,0.846708456503927,Model4_plus_liquidity_industry_FE,future_1w_excess_return
2025-06-15,-0.0018674448087224542,49,0.8171304475799572,Model4_plus_liquidity_industry_FE,future_1w_excess_return
2025-06-22,0.016343231836204446,49,0.9255051987100047,Model4_plus_liquidity_industry_FE,future_1w_excess_return
2025-06-29,0.0003518216989601799,49,0.8408583157227361,Model4_plus_liquidity_industry_FE,future_1w_excess_return
2025-07-06,0.022768090442815074,48,0.8056540502528379,Model4_plus_liquidity_industry_FE,future_1w_excess_return
2025-07-13,-0.002561620787649812,48,0.9772819430026755,Model4_plus_liquidity_industry_FE,future_1w_excess_return
2025-07-20,0.009856551428642883,49,0.8916432766301206,Model4_plus_liquidity_industry_FE,future_1w_excess_return
2025-07-27,0.009462338760344875,49,0.968778971063803,Model4_plus_liquidity_industry_FE,future_1w_excess_return
2025-08-03,-0.008779487759656451,49,0.865233519663858,Model4_plus_liquidity_industry_FE,future_1w_excess_return
2025-08-10,-0.021301292989663195,49,0.9844019210965842,Model4_plus_liquidity_industry_FE,future_1w_excess_return
2025-08-17,-0.0063726173604784974,49,0.8509133901593247,Model4_plus_liquidity_industry_FE,future_1w_excess_return
2025-08-24,0.00518149145556099,49,0.9091128740572282,Model4_plus_liquidity_industry_FE,future_1w_excess_return
2025-08-31,-0.006777315454291803,49,0.8288074222241022,Model4_plus_liquidity_industry_FE,future_1w_excess_return
2025-09-07,0.0053649317351637735,49,0.9701248273868336,Model4_plus_liquidity_industry_FE,future_1w_excess_return
2025-09-14,0.023222834656869862,49,0.9462411758593481,Model4_plus_liquidity_industry_FE,future_1w_excess_return
2025-09-21,0.010058994526148569,49,0.8223885631906552,Model4_plus_liquidity_industry_FE,future_1w_excess_return
2025-09-28,-0.0020365344726763867,49,0.975945416710204,Model4_plus_liquidity_industry_FE,future_1w_excess_return
2025-10-05,-0.0024636013042271913,49,0.9551954618608954,Model4_plus_liquidity_industry_FE,future_1w_excess_return
2025-10-12,-0.007906834584703063,49,0.9141262504043849,Model4_plus_liquidity_industry_FE,future_1w_excess_return
2025-10-19,-0.011099123317055402,49,0.9557340978424081,Model4_plus_liquidity_industry_FE,future_1w_excess_return
2025-10-26,-0.002857312857759198,49,0.971863249375741,Model4_plus_liquidity_industry_FE,future_1w_excess_return
2025-11-02,0.002393201041036681,49,0.980295417909156,Model4_plus_liquidity_industry_FE,future_1w_excess_return
2025-11-09,-0.02443329019434991,49,0.8789018936432609,Model4_plus_liquidity_industry_FE,future_1w_excess_return
2025-11-16,0.005470322775147079,49,0.9331620346184428,Model4_plus_liquidity_industry_FE,future_1w_excess_return
2025-11-23,-0.007374190424343199,49,0.7773785842044865,Model4_plus_liquidity_industry_FE,future_1w_excess_return
2025-11-30,-0.024334789467068428,49,0.8909964181239414,Model4_plus_liquidity_industry_FE,future_1w_excess_return
2025-12-07,-0.0037625664285078067,49,0.9644064892610785,Model4_plus_liquidity_industry_FE,future_1w_excess_return
2025-12-14,0.009180726119725558,49,0.8503952190330599,Model4_plus_liquidity_industry_FE,future_1w_excess_return
2025-12-21,-0.0023842410039522834,49,0.8777437079011381,Model4_plus_liquidity_industry_FE,future_1w_excess_return
2025-12-28,0.016373257696134194,49,0.958059113672205,Model4_plus_liquidity_industry_FE,future_1w_excess_return
2026-01-04,0.0077526078431394505,49,0.9052531231115408,Model4_plus_liquidity_industry_FE,future_1w_excess_return
2026-01-11,0.033220687689573564,49,0.7704364065551585,Model4_plus_liquidity_industry_FE,future_1w_excess_return
2026-01-18,0.01523291495034533,49,0.7348825119227387,Model4_plus_liquidity_industry_FE,future_1w_excess_return
2026-01-25,0.0059011165853745245,49,0.9749032126015956,Model4_plus_liquidity_industry_FE,future_1w_excess_return
2026-02-01,-0.01776720208732691,49,0.8306746648640629,Model4_plus_liquidity_industry_FE,future_1w_excess_return
2026-02-08,-0.011375632875233594,49,0.8661160266704678,Model4_plus_liquidity_industry_FE,future_1w_excess_return
2026-02-15,-0.009469282326097,49,0.9487678619663555,Model4_plus_liquidity_industry_FE,future_1w_excess_return
2026-02-22,-0.0012363421116583964,49,0.94662472916561,Model4_plus_liquidity_industry_FE,future_1w_excess_return
2026-03-01,0.010499408088177481,49,0.93771433807915,Model4_plus_liquidity_industry_FE,future_1w_excess_return
2026-03-08,0.016780536218973567,49,0.9187130575522168,Model4_plus_liquidity_industry_FE,future_1w_excess_return
2026-03-15,0.02266822974955997,49,0.8837863828239402,Model4_plus_liquidity_industry_FE,future_1w_excess_return
2026-03-22,0.0012476056269200746,49,0.8581685698102399,Model4_plus_liquidity_industry_FE,future_1w_excess_return
2026-03-29,0.0007438147517687906,49,0.9143920625351263,Model4_plus_liquidity_industry_FE,future_1w_excess_return
2026-04-05,0.004132233900039922,49,0.9090564272658411,Model4_plus_liquidity_industry_FE,future_1w_excess_return
2026-04-12,0.028139445739631168,49,0.9593758298367145,Model4_plus_liquidity_industry_FE,future_1w_excess_return
2026-04-19,0.03218082421559135,49,0.948088096609685,Model4_plus_liquidity_industry_FE,future_1w_excess_return
2026-04-26,-0.0024427306011968967,50,0.8819261561672557,Model4_plus_liquidity_industry_FE,future_1w_excess_return
2026-05-03,-0.0008033564399116447,50,0.9459079152720185,Model4_plus_liquidity_industry_FE,future_1w_excess_return
2026-05-10,0.019981659661228175,50,0.9643053106266928,Model4_plus_liquidity_industry_FE,future_1w_excess_return
2026-05-17,-0.0009366494191193741,49,0.9469659608489321,Model4_plus_liquidity_industry_FE,future_1w_excess_return
2026-05-24,-0.012409191790465368,49,0.9300025984509688,Model4_plus_liquidity_industry_FE,future_1w_excess_return
2026-05-31,-0.019446087049892112,49,0.9314326291854128,Model4_plus_liquidity_industry_FE,future_1w_excess_return
2026-06-07,-0.005520692135000052,49,0.9470309402499384,Model4_plus_liquidity_industry_FE,future_1w_excess_return
2026-06-14,0.018932846245396543,49,0.8225190118377446,Model4_plus_liquidity_industry_FE,future_1w_excess_return
2026-06-21,-0.028329661013341535,50,0.8590481651448096,Model4_plus_liquidity_industry_FE,future_1w_excess_return
2026-06-28,-0.012173523468540346,50,0.9626414096537779,Model4_plus_liquidity_industry_FE,future_1w_excess_return
2026-07-05,0.01335663714162016,50,0.8717610358611045,Model4_plus_liquidity_industry_FE,future_1w_excess_return
2026-07-12,0.013773975770725342,50,0.9419427820678807,Model4_plus_liquidity_industry_FE,future_1w_excess_return
2026-07-19,0.020173540351522454,49,0.7944050933386946,Model4_plus_liquidity_industry_FE,future_1w_excess_return
2022-01-09,-0.005287002737183381,43,0.9309349667165254,Model4_plus_liquidity_industry_FE,future_2w_excess_return
2022-01-16,0.0037743552329278663,43,0.9030564862415551,Model4_plus_liquidity_industry_FE,future_2w_excess_return
2022-01-23,-0.00907586246456519,43,0.9530845204966579,Model4_plus_liquidity_industry_FE,future_2w_excess_return
2022-01-30,-0.02894995904763329,43,0.9419682801812682,Model4_plus_liquidity_industry_FE,future_2w_excess_return
2022-02-06,-0.010708324660128526,43,0.9290847864892517,Model4_plus_liquidity_industry_FE,future_2w_excess_return
2022-02-13,-0.01492227626546713,43,0.8330854662100645,Model4_plus_liquidity_industry_FE,future_2w_excess_return
2022-02-20,0.012687679648588388,44,0.8861696402628796,Model4_plus_liquidity_industry_FE,future_2w_excess_return
2022-02-27,0.024886930938979132,44,0.8518536090511579,Model4_plus_liquidity_industry_FE,future_2w_excess_return
2022-03-06,-0.012226518632233618,44,0.8183801193793367,Model4_plus_liquidity_industry_FE,future_2w_excess_return
2022-03-13,0.006326515558356606,44,0.9156412631547466,Model4_plus_liquidity_industry_FE,future_2w_excess_return
2022-03-20,-0.0025076714075829144,44,0.9337167703228394,Model4_plus_liquidity_industry_FE,future_2w_excess_return
2022-03-27,0.00801050350370542,44,0.9507741539011767,Model4_plus_liquidity_industry_FE,future_2w_excess_return
2022-04-03,-0.007886230766497035,44,0.8487224416958661,Model4_plus_liquidity_industry_FE,future_2w_excess_return
2022-04-10,0.004068814367033828,44,0.9118972537403534,Model4_plus_liquidity_industry_FE,future_2w_excess_return
2022-04-17,0.0033843426527335133,44,0.8644299317758428,Model4_plus_liquidity_industry_FE,future_2w_excess_return
2022-04-24,0.015203213136313324,44,0.9331317221357216,Model4_plus_liquidity_industry_FE,future_2w_excess_return
2022-05-01,0.0029028346586268184,44,0.9515690550467731,Model4_plus_liquidity_industry_FE,future_2w_excess_return
2022-05-08,0.006464472182697981,44,0.9267652136268499,Model4_plus_liquidity_industry_FE,future_2w_excess_return
2022-05-15,-0.01342350350101353,44,0.9116147003846292,Model4_plus_liquidity_industry_FE,future_2w_excess_return
2022-05-22,-0.008328502117997957,44,0.9376354022381592,Model4_plus_liquidity_industry_FE,future_2w_excess_return
2022-05-29,-0.006578165246366152,44,0.8388850012928847,Model4_plus_liquidity_industry_FE,future_2w_excess_return
2022-06-05,0.0006800993403054869,44,0.9297364923086551,Model4_plus_liquidity_industry_FE,future_2w_excess_return
2022-06-12,-0.009847717080374302,44,0.9635895738583009,Model4_plus_liquidity_industry_FE,future_2w_excess_return
2022-06-19,-0.009209593028888938,44,0.9466840707765433,Model4_plus_liquidity_industry_FE,future_2w_excess_return
2022-06-26,-0.0024388941420353666,44,0.9519037353044609,Model4_plus_liquidity_industry_FE,future_2w_excess_return
2022-07-03,0.015438201198199622,44,0.9712253119490085,Model4_plus_liquidity_industry_FE,future_2w_excess_return
2022-07-10,0.002821380446967397,44,0.9004172578273448,Model4_plus_liquidity_industry_FE,future_2w_excess_return
2022-07-17,0.003653503690418599,46,0.9033071987897309,Model4_plus_liquidity_industry_FE,future_2w_excess_return
2022-07-24,0.018248093170455608,46,0.9622720348105567,Model4_plus_liquidity_industry_FE,future_2w_excess_return
2022-07-31,-5.1507620301256656e-05,46,0.9482298367591854,Model4_plus_liquidity_industry_FE,future_2w_excess_return
2022-08-07,-0.0018446932705349591,46,0.9352071449804501,Model4_plus_liquidity_industry_FE,future_2w_excess_return
2022-08-14,-0.010633254501345286,46,0.9738388576472393,Model4_plus_liquidity_industry_FE,future_2w_excess_return
2022-08-21,0.010291809298607438,46,0.9746397762908037,Model4_plus_liquidity_industry_FE,future_2w_excess_return
2022-08-28,-0.07666595070246428,46,0.5194693065109375,Model4_plus_liquidity_industry_FE,future_2w_excess_return
2022-09-04,-0.13432072535042663,46,0.5346845347750917,Model4_plus_liquidity_industry_FE,future_2w_excess_return
2022-09-11,-0.02530809893680592,46,0.6146626039453493,Model4_plus_liquidity_industry_FE,future_2w_excess_return
2022-09-18,0.026552475646493996,46,0.9136838565140054,Model4_plus_liquidity_industry_FE,future_2w_excess_return
2022-09-25,0.03007578495485501,46,0.7628888647522892,Model4_plus_liquidity_industry_FE,future_2w_excess_return
2022-10-02,-0.010278646006057043,47,0.8151486393499787,Model4_plus_liquidity_industry_FE,future_2w_excess_return
2022-10-09,-0.004777707674425087,47,0.9464970547118974,Model4_plus_liquidity_industry_FE,future_2w_excess_return
2022-10-16,0.004154407109512303,47,0.9237513323513301,Model4_plus_liquidity_industry_FE,future_2w_excess_return
2022-10-23,0.01615967544575001,47,0.7724644516248128,Model4_plus_liquidity_industry_FE,future_2w_excess_return
2022-10-30,-0.009909694908322192,47,0.9434578164431472,Model4_plus_liquidity_industry_FE,future_2w_excess_return
2022-11-06,-0.025592104926648502,47,0.9650738514171677,Model4_plus_liquidity_industry_FE,future_2w_excess_return
2022-11-13,-0.0035909045221479015,47,0.8340534471658154,Model4_plus_liquidity_industry_FE,future_2w_excess_return
2022-11-20,0.0011770655807929033,47,0.8651238250730389,Model4_plus_liquidity_industry_FE,future_2w_excess_return
2022-11-27,0.0020798636199893233,47,0.9002202469322318,Model4_plus_liquidity_industry_FE,future_2w_excess_return
2022-12-04,0.016591531001512706,47,0.8411374458235295,Model4_plus_liquidity_industry_FE,future_2w_excess_return
2022-12-11,-0.004244099715016533,48,0.8484173230978473,Model4_plus_liquidity_industry_FE,future_2w_excess_return
2022-12-18,-0.00025928565132645365,48,0.7822471471616783,Model4_plus_liquidity_industry_FE,future_2w_excess_return
2022-12-25,0.005708811058227025,47,0.8478435685322543,Model4_plus_liquidity_industry_FE,future_2w_excess_return
2023-01-01,-0.006281305137245958,47,0.8794432898958807,Model4_plus_liquidity_industry_FE,future_2w_excess_return
2023-01-08,0.025256516166237572,47,0.8226959150302406,Model4_plus_liquidity_industry_FE,future_2w_excess_return
2023-01-15,-0.0033613636850870943,47,0.7329346336136946,Model4_plus_liquidity_industry_FE,future_2w_excess_return
2023-01-22,0.004339162521584992,47,0.863423836936927,Model4_plus_liquidity_industry_FE,future_2w_excess_return
2023-01-29,0.003960404966666189,47,0.8622019113959167,Model4_plus_liquidity_industry_FE,future_2w_excess_return
2023-02-05,-0.009926574506431845,47,0.6093482569115779,Model4_plus_liquidity_industry_FE,future_2w_excess_return
2023-02-12,-0.01571585663703364,47,0.8654761763058125,Model4_plus_liquidity_industry_FE,future_2w_excess_return
2023-02-19,-0.00215184151827382,48,0.8716693927804444,Model4_plus_liquidity_industry_FE,future_2w_excess_return
2023-02-26,-0.0021872215247512056,48,0.7748627744248336,Model4_plus_liquidity_industry_FE,future_2w_excess_return
2023-03-05,0.003892056025612154,48,0.9180899214356752,Model4_plus_liquidity_industry_FE,future_2w_excess_return
2023-03-12,0.03360922191430355,48,0.9542001594700551,Model4_plus_liquidity_industry_FE,future_2w_excess_return
2023-03-19,0.019937212859390013,48,0.8742736358812464,Model4_plus_liquidity_industry_FE,future_2w_excess_return
2023-03-26,0.0020619547943105127,48,0.8025212659866934,Model4_plus_liquidity_industry_FE,future_2w_excess_return
2023-04-02,0.003154487684495971,48,0.6587852201432836,Model4_plus_liquidity_industry_FE,future_2w_excess_return
2023-04-09,0.00015326901451943355,48,0.8852479598323395,Model4_plus_liquidity_industry_FE,future_2w_excess_return
2023-04-16,0.013982211589520194,48,0.919538413100302,Model4_plus_liquidity_industry_FE,future_2w_excess_return
2023-04-23,0.018454707560255572,48,0.8878082291873547,Model4_plus_liquidity_industry_FE,future_2w_excess_return
2023-04-30,0.022389110643479804,48,0.8488049543134647,Model4_plus_liquidity_industry_FE,future_2w_excess_return
2023-05-07,0.03109959293757846,48,0.8454957913651316,Model4_plus_liquidity_industry_FE,future_2w_excess_return
2023-05-14,-0.012983944764126565,48,0.977282133916589,Model4_plus_liquidity_industry_FE,future_2w_excess_return
2023-05-21,-0.0024664336345166862,48,0.961300966330333,Model4_plus_liquidity_industry_FE,future_2w_excess_return
2023-05-28,0.020665207097803232,48,0.7711604536857357,Model4_plus_liquidity_industry_FE,future_2w_excess_return
2023-06-04,0.09202866504487893,49,0.9549723762780766,Model4_plus_liquidity_industry_FE,future_2w_excess_return
2023-06-11,0.005426118914656497,49,0.9528179171786939,Model4_plus_liquidity_industry_FE,future_2w_excess_return
2023-06-18,0.029881577222708938,49,0.8998991512702399,Model4_plus_liquidity_industry_FE,future_2w_excess_return
2023-06-25,-0.003618427800842427,49,0.8029179946040295,Model4_plus_liquidity_industry_FE,future_2w_excess_return
2023-07-02,-0.0003116997052360262,49,0.9638965407628093,Model4_plus_liquidity_industry_FE,future_2w_excess_return
2023-07-09,0.019892101093992087,49,0.965891772999003,Model4_plus_liquidity_industry_FE,future_2w_excess_return
2023-07-16,0.0057049235108194915,48,0.9718830456201109,Model4_plus_liquidity_industry_FE,future_2w_excess_return
2023-07-23,0.016452029883602788,48,0.9458925155754163,Model4_plus_liquidity_industry_FE,future_2w_excess_return
2023-07-30,0.0038036907189686144,48,0.8829930277305893,Model4_plus_liquidity_industry_FE,future_2w_excess_return
2023-08-06,-0.018832919199450775,48,0.8803172211414396,Model4_plus_liquidity_industry_FE,future_2w_excess_return
2023-08-13,-0.011345570750266489,48,0.967680873341851,Model4_plus_liquidity_industry_FE,future_2w_excess_return
2023-08-20,0.0008411077238958901,48,0.9707765281047294,Model4_plus_liquidity_industry_FE,future_2w_excess_return
2023-08-27,0.000497887516194576,48,0.886070839563337,Model4_plus_liquidity_industry_FE,future_2w_excess_return
2023-09-03,-0.0024302225787893503,48,0.9596722837780884,Model4_plus_liquidity_industry_FE,future_2w_excess_return
2023-09-10,0.010038681113880711,48,0.8771810079816902,Model4_plus_liquidity_industry_FE,future_2w_excess_return
2023-09-17,-0.005040260999590554,48,0.9591669436934845,Model4_plus_liquidity_industry_FE,future_2w_excess_return
2023-09-24,0.004613026694619237,48,0.893970388009662,Model4_plus_liquidity_industry_FE,future_2w_excess_return
2023-10-01,0.0005223479226128358,48,0.9063406730229632,Model4_plus_liquidity_industry_FE,future_2w_excess_return
2023-10-08,-0.01900259203503245,48,0.9334371009485961,Model4_plus_liquidity_industry_FE,future_2w_excess_return
2023-10-15,0.013371597447266381,47,0.8989905852040896,Model4_plus_liquidity_industry_FE,future_2w_excess_return
2023-10-22,-0.009585668499154857,47,0.8270701627474696,Model4_plus_liquidity_industry_FE,future_2w_excess_return
2023-10-29,0.003211931856383134,47,0.926913455460622,Model4_plus_liquidity_industry_FE,future_2w_excess_return
2023-11-05,-0.012616621882618004,47,0.893190927649009,Model4_plus_liquidity_industry_FE,future_2w_excess_return
2023-11-12,0.01528959679614726,47,0.9362607055299758,Model4_plus_liquidity_industry_FE,future_2w_excess_return
2023-11-19,-0.00241102708165829,47,0.9385074477201552,Model4_plus_liquidity_industry_FE,future_2w_excess_return
2023-11-26,0.003367114825486187,47,0.8431766474868236,Model4_plus_liquidity_industry_FE,future_2w_excess_return
2023-12-03,-0.0019941560023807505,47,0.822323573092277,Model4_plus_liquidity_industry_FE,future_2w_excess_return
2023-12-10,0.011164102308693278,47,0.8398742029647824,Model4_plus_liquidity_industry_FE,future_2w_excess_return
2023-12-17,0.013002182922978126,48,0.9441777095909897,Model4_plus_liquidity_industry_FE,future_2w_excess_return
2023-12-24,-0.022294830449155048,48,0.9223669671397942,Model4_plus_liquidity_industry_FE,future_2w_excess_return
2023-12-31,0.004636055977487973,48,0.865405882905882,Model4_plus_liquidity_industry_FE,future_2w_excess_return
2024-01-07,-0.0046295108951121405,48,0.9267757069492121,Model4_plus_liquidity_industry_FE,future_2w_excess_return
2024-01-14,0.01648515922785862,48,0.9184866861382208,Model4_plus_liquidity_industry_FE,future_2w_excess_return
2024-01-21,-0.015991594516041457,48,0.9193609858228619,Model4_plus_liquidity_industry_FE,future_2w_excess_return
2024-01-28,0.010223092626062661,49,0.9423610619506546,Model4_plus_liquidity_industry_FE,future_2w_excess_return
2024-02-04,0.0015983333131561832,49,0.9470333867387083,Model4_plus_liquidity_industry_FE,future_2w_excess_return
2024-02-11,-0.016340406931105292,49,0.9435939022073894,Model4_plus_liquidity_industry_FE,future_2w_excess_return
2024-02-18,0.03226247673886219,49,0.9370723682817517,Model4_plus_liquidity_industry_FE,future_2w_excess_return
2024-02-25,-0.0010483019252578597,49,0.982529707788487,Model4_plus_liquidity_industry_FE,future_2w_excess_return
2024-03-03,-0.00412951144514016,49,0.9582031543926535,Model4_plus_liquidity_industry_FE,future_2w_excess_return
2024-03-10,0.0034041094643692477,49,0.9265238267368772,Model4_plus_liquidity_industry_FE,future_2w_excess_return
2024-03-17,-0.0023587042548135415,49,0.9301333498362816,Model4_plus_liquidity_industry_FE,future_2w_excess_return
2024-03-24,0.0038689050328330876,49,0.9482684507261527,Model4_plus_liquidity_industry_FE,future_2w_excess_return
2024-03-31,0.0031452173425779192,49,0.8710809097267334,Model4_plus_liquidity_industry_FE,future_2w_excess_return
2024-04-07,-0.014811399253255825,49,0.9479594020806776,Model4_plus_liquidity_industry_FE,future_2w_excess_return
2024-04-14,-0.008754792991589735,49,0.8584891589176785,Model4_plus_liquidity_industry_FE,future_2w_excess_return
2024-04-21,0.01400186803363204,49,0.8020499153977948,Model4_plus_liquidity_industry_FE,future_2w_excess_return
2024-04-28,0.019318596400634054,49,0.8942565573284345,Model4_plus_liquidity_industry_FE,future_2w_excess_return
2024-05-05,0.006194311896467854,49,0.857524477225518,Model4_plus_liquidity_industry_FE,future_2w_excess_return
2024-05-12,0.012023669638953384,49,0.9089036297078289,Model4_plus_liquidity_industry_FE,future_2w_excess_return
2024-05-19,0.00885090750448445,49,0.8752633277270981,Model4_plus_liquidity_industry_FE,future_2w_excess_return
2024-05-26,0.01618869281756735,48,0.8685321676460165,Model4_plus_liquidity_industry_FE,future_2w_excess_return
2024-06-02,-0.005652272428973522,48,0.888643349258542,Model4_plus_liquidity_industry_FE,future_2w_excess_return
2024-06-09,-0.0037485069338945775,48,0.8896176969839173,Model4_plus_liquidity_industry_FE,future_2w_excess_return
2024-06-16,-0.00611269866526242,48,0.8426082770488648,Model4_plus_liquidity_industry_FE,future_2w_excess_return
2024-06-23,0.012401295600827655,49,0.8058228374252615,Model4_plus_liquidity_industry_FE,future_2w_excess_return
2024-06-30,0.004061806233281867,49,0.8527738465638652,Model4_plus_liquidity_industry_FE,future_2w_excess_return
2024-07-07,-0.00022565209971473193,49,0.8869925830307892,Model4_plus_liquidity_industry_FE,future_2w_excess_return
2024-07-14,-0.0008906115929617032,49,0.9227837713798518,Model4_plus_liquidity_industry_FE,future_2w_excess_return
2024-07-21,-0.011921300537526276,48,0.8952086010638302,Model4_plus_liquidity_industry_FE,future_2w_excess_return
2024-07-28,0.0012710622552629862,49,0.7867255883373196,Model4_plus_liquidity_industry_FE,future_2w_excess_return
2024-08-04,0.007336801284411255,49,0.8641531229900788,Model4_plus_liquidity_industry_FE,future_2w_excess_return
2024-08-11,-0.003793068235720368,49,0.8727592365088666,Model4_plus_liquidity_industry_FE,future_2w_excess_return
2024-08-18,-0.012143127367241944,50,0.8001286038900082,Model4_plus_liquidity_industry_FE,future_2w_excess_return
2024-08-25,0.001497529115375633,50,0.9380671289082085,Model4_plus_liquidity_industry_FE,future_2w_excess_return
2024-09-01,-0.005323194063270747,50,0.8796248785397384,Model4_plus_liquidity_industry_FE,future_2w_excess_return
2024-09-08,0.003221253292037398,50,0.827482259853211,Model4_plus_liquidity_industry_FE,future_2w_excess_return
2024-09-15,0.011753634068958284,50,0.9228050983054349,Model4_plus_liquidity_industry_FE,future_2w_excess_return
2024-09-22,-0.004348367683749477,49,0.8652382993371768,Model4_plus_liquidity_industry_FE,future_2w_excess_return
2024-09-29,0.00551529265429573,49,0.9275655750853836,Model4_plus_liquidity_industry_FE,future_2w_excess_return
2024-10-06,0.0003881972329883134,49,0.9176291994113959,Model4_plus_liquidity_industry_FE,future_2w_excess_return
2024-10-13,-0.022609433407432968,49,0.8681899303576727,Model4_plus_liquidity_industry_FE,future_2w_excess_return
2024-10-20,-0.011451813911080161,49,0.8953592053532238,Model4_plus_liquidity_industry_FE,future_2w_excess_return
2024-10-27,0.015677912006544777,49,0.9071513374434302,Model4_plus_liquidity_industry_FE,future_2w_excess_return
2024-11-03,-0.0096859519938292,49,0.8933482526575169,Model4_plus_liquidity_industry_FE,future_2w_excess_return
2024-11-10,0.025591504727947557,49,0.8692595780489889,Model4_plus_liquidity_industry_FE,future_2w_excess_return
2024-11-17,-0.005419812166933964,49,0.9034640226339005,Model4_plus_liquidity_industry_FE,future_2w_excess_return
2024-11-24,0.003531156259256127,49,0.8309220065766626,Model4_plus_liquidity_industry_FE,future_2w_excess_return
2024-12-01,-0.010802871866251115,49,0.8615354600724094,Model4_plus_liquidity_industry_FE,future_2w_excess_return
2024-12-08,-0.015812596811894546,49,0.9569572077154863,Model4_plus_liquidity_industry_FE,future_2w_excess_return
2024-12-15,0.011409188262411895,49,0.8826939495216393,Model4_plus_liquidity_industry_FE,future_2w_excess_return
2024-12-22,-0.003064409744883763,49,0.7939519932331023,Model4_plus_liquidity_industry_FE,future_2w_excess_return
2024-12-29,-0.000104649881027815,49,0.8824113744577677,Model4_plus_liquidity_industry_FE,future_2w_excess_return
2025-01-05,-0.004658372132526684,49,0.7897317968245203,Model4_plus_liquidity_industry_FE,future_2w_excess_return
2025-01-12,0.009648306638640995,49,0.902680445089238,Model4_plus_liquidity_industry_FE,future_2w_excess_return
2025-01-19,-0.019574595930540895,49,0.9164429419530937,Model4_plus_liquidity_industry_FE,future_2w_excess_return
2025-01-26,0.003581874152803195,49,0.8790188886894043,Model4_plus_liquidity_industry_FE,future_2w_excess_return
2025-02-02,-0.016822241898163774,49,0.8906692234871854,Model4_plus_liquidity_industry_FE,future_2w_excess_return
2025-02-09,-0.01190654963370091,49,0.8803726853763895,Model4_plus_liquidity_industry_FE,future_2w_excess_return
2025-02-16,-0.011750596522959008,49,0.9410518770393286,Model4_plus_liquidity_industry_FE,future_2w_excess_return
2025-02-23,0.0021017954854375765,49,0.9118428346317867,Model4_plus_liquidity_industry_FE,future_2w_excess_return
2025-03-02,0.0011226092219228422,49,0.9394397076574074,Model4_plus_liquidity_industry_FE,future_2w_excess_return
2025-03-09,0.017092350785886,49,0.8969979325009897,Model4_plus_liquidity_industry_FE,future_2w_excess_return
2025-03-16,-0.008658785547614801,49,0.9234598914625314,Model4_plus_liquidity_industry_FE,future_2w_excess_return
2025-03-23,0.000742272551530126,49,0.9226013558424538,Model4_plus_liquidity_industry_FE,future_2w_excess_return
2025-03-30,-0.015427543784472312,49,0.8620064422222959,Model4_plus_liquidity_industry_FE,future_2w_excess_return
2025-04-06,-0.017474108722561544,49,0.8941580751250876,Model4_plus_liquidity_industry_FE,future_2w_excess_return
2025-04-13,0.007886345025384017,49,0.8166680401190594,Model4_plus_liquidity_industry_FE,future_2w_excess_return
2025-04-20,0.0004923474869892369,48,0.9435857900377524,Model4_plus_liquidity_industry_FE,future_2w_excess_return
2025-04-27,-0.00998764144095951,48,0.8416436413090783,Model4_plus_liquidity_industry_FE,future_2w_excess_return
2025-05-04,0.001726424674787062,48,0.9236220487923257,Model4_plus_liquidity_industry_FE,future_2w_excess_return
2025-05-11,0.0182651678739485,48,0.9174595855086815,Model4_plus_liquidity_industry_FE,future_2w_excess_return
2025-05-18,-0.005230785113848929,49,0.8825355753019526,Model4_plus_liquidity_industry_FE,future_2w_excess_return
2025-05-25,0.011661961656201505,49,0.9301165512913703,Model4_plus_liquidity_industry_FE,future_2w_excess_return
2025-06-01,-0.010000724335202256,49,0.8924727701156491,Model4_plus_liquidity_industry_FE,future_2w_excess_return
2025-06-08,-0.01673030119117485,49,0.7486604522838449,Model4_plus_liquidity_industry_FE,future_2w_excess_return
2025-06-15,-0.0036073557476754437,49,0.9285336836562855,Model4_plus_liquidity_industry_FE,future_2w_excess_return
2025-06-22,0.01150122152879177,49,0.926907092364035,Model4_plus_liquidity_industry_FE,future_2w_excess_return
2025-06-29,-0.0027830882699974918,49,0.8330870811351938,Model4_plus_liquidity_industry_FE,future_2w_excess_return
2025-07-06,0.021615083779260802,48,0.9312793572222274,Model4_plus_liquidity_industry_FE,future_2w_excess_return
2025-07-13,0.010447897554569813,48,0.8977274463558708,Model4_plus_liquidity_industry_FE,future_2w_excess_return
2025-07-20,0.01649334074098429,49,0.8931630380801598,Model4_plus_liquidity_industry_FE,future_2w_excess_return
2025-07-27,0.028828896946136603,49,0.9417664161604788,Model4_plus_liquidity_industry_FE,future_2w_excess_return
2025-08-03,-0.01355521687481243,49,0.9451124335341587,Model4_plus_liquidity_industry_FE,future_2w_excess_return
2025-08-10,-0.004487868636414124,49,0.990841658004611,Model4_plus_liquidity_industry_FE,future_2w_excess_return
2025-08-17,0.003650991007502606,49,0.9436325481957311,Model4_plus_liquidity_industry_FE,future_2w_excess_return
2025-08-24,0.0016635245869910933,49,0.828525644830036,Model4_plus_liquidity_industry_FE,future_2w_excess_return
2025-08-31,-0.0028423961307367423,49,0.9564060941771129,Model4_plus_liquidity_industry_FE,future_2w_excess_return
2025-09-07,0.016688046613895634,49,0.9633429137645251,Model4_plus_liquidity_industry_FE,future_2w_excess_return
2025-09-14,0.003460390046064421,49,0.8625087999602168,Model4_plus_liquidity_industry_FE,future_2w_excess_return
2025-09-21,0.012150150181082005,49,0.8755202829622002,Model4_plus_liquidity_industry_FE,future_2w_excess_return
2025-09-28,-0.02292551450983688,49,0.9626523493868832,Model4_plus_liquidity_industry_FE,future_2w_excess_return
2025-10-05,-6.072888960838036e-05,49,0.7875878944590166,Model4_plus_liquidity_industry_FE,future_2w_excess_return
2025-10-12,-0.021904917047429025,49,0.9566723824817592,Model4_plus_liquidity_industry_FE,future_2w_excess_return
2025-10-19,-0.009269698643892973,49,0.9828029744033474,Model4_plus_liquidity_industry_FE,future_2w_excess_return
2025-10-26,-0.004811804670910683,49,0.9616387323464813,Model4_plus_liquidity_industry_FE,future_2w_excess_return
2025-11-02,0.005935860606632764,49,0.955516414578764,Model4_plus_liquidity_industry_FE,future_2w_excess_return
2025-11-09,-0.019622703410365837,49,0.8625462575982454,Model4_plus_liquidity_industry_FE,future_2w_excess_return
2025-11-16,-0.03473605283953823,49,0.852064825441972,Model4_plus_liquidity_industry_FE,future_2w_excess_return
2025-11-23,0.005794951202925718,49,0.7852067926763494,Model4_plus_liquidity_industry_FE,future_2w_excess_return
2025-11-30,-0.02519717972246327,49,0.9290356838424124,Model4_plus_liquidity_industry_FE,future_2w_excess_return
2025-12-07,8.899220750862007e-05,49,0.8946525024580458,Model4_plus_liquidity_industry_FE,future_2w_excess_return
2025-12-14,0.014603276988273938,49,0.8755182693692376,Model4_plus_liquidity_industry_FE,future_2w_excess_return
2025-12-21,0.00045775114358892564,49,0.9657045570894889,Model4_plus_liquidity_industry_FE,future_2w_excess_return
2025-12-28,0.006733059878703924,49,0.9364442886294412,Model4_plus_liquidity_industry_FE,future_2w_excess_return
2026-01-04,0.028912261610143597,49,0.8727266844842084,Model4_plus_liquidity_industry_FE,future_2w_excess_return
2026-01-11,-0.0010680649007755337,49,0.7513590589079335,Model4_plus_liquidity_industry_FE,future_2w_excess_return
2026-01-18,0.022885029495769586,49,0.8337834387359874,Model4_plus_liquidity_industry_FE,future_2w_excess_return
2026-01-25,0.016591981066575,49,0.8288798875071184,Model4_plus_liquidity_industry_FE,future_2w_excess_return
2026-02-01,-0.029125656365030055,49,0.9427396963131761,Model4_plus_liquidity_industry_FE,future_2w_excess_return
2026-02-08,-0.011375632875233594,49,0.8661160266704678,Model4_plus_liquidity_industry_FE,future_2w_excess_return
2026-02-15,0.012502426244157937,49,0.9252186689276891,Model4_plus_liquidity_industry_FE,future_2w_excess_return
2026-02-22,0.0026620242486036444,49,0.9224109416102948,Model4_plus_liquidity_industry_FE,future_2w_excess_return
2026-03-01,0.005706787132159876,49,0.8880891807752436,Model4_plus_liquidity_industry_FE,future_2w_excess_return
2026-03-08,-0.005476973959187934,49,0.9431098959140395,Model4_plus_liquidity_industry_FE,future_2w_excess_return
2026-03-15,0.0033432062483665,49,0.9374182820973476,Model4_plus_liquidity_industry_FE,future_2w_excess_return
2026-03-22,0.0030502457583516515,49,0.7868231541453965,Model4_plus_liquidity_industry_FE,future_2w_excess_return
2026-03-29,0.0013898224790814255,49,0.9690414247718497,Model4_plus_liquidity_industry_FE,future_2w_excess_return
2026-04-05,-0.010012289988646596,49,0.9277449140428711,Model4_plus_liquidity_industry_FE,future_2w_excess_return
2026-04-12,0.07087240491615758,49,0.9376802337072043,Model4_plus_liquidity_industry_FE,future_2w_excess_return
2026-04-19,0.0571067734325466,49,0.9216780726004911,Model4_plus_liquidity_industry_FE,future_2w_excess_return
2026-04-26,0.019195322215812095,50,0.9545344752231907,Model4_plus_liquidity_industry_FE,future_2w_excess_return
2026-05-03,0.0023376837067508637,50,0.9400213825586367,Model4_plus_liquidity_industry_FE,future_2w_excess_return
2026-05-10,0.019806492128230633,50,0.9463193378952528,Model4_plus_liquidity_industry_FE,future_2w_excess_return
2026-05-17,-0.011629563793509077,49,0.8832096359071384,Model4_plus_liquidity_industry_FE,future_2w_excess_return
2026-05-24,-0.020963900516976212,49,0.9138820723635349,Model4_plus_liquidity_industry_FE,future_2w_excess_return
2026-05-31,-0.049665645079995775,49,0.9566057265835666,Model4_plus_liquidity_industry_FE,future_2w_excess_return
2026-06-07,-0.03072550143230075,49,0.9181667361712061,Model4_plus_liquidity_industry_FE,future_2w_excess_return
2026-06-14,0.038457669466031276,49,0.8418143319391227,Model4_plus_liquidity_industry_FE,future_2w_excess_return
2026-06-21,-0.00403777893990046,50,0.9303771056919719,Model4_plus_liquidity_industry_FE,future_2w_excess_return
2026-06-28,-0.01741079415705856,50,0.9282449566476338,Model4_plus_liquidity_industry_FE,future_2w_excess_return
2026-07-05,0.005840515118328739,50,0.9298351184979725,Model4_plus_liquidity_industry_FE,future_2w_excess_return
2026-07-12,0.043313490518372584,50,0.8262285377592837,Model4_plus_liquidity_industry_FE,future_2w_excess_return
2026-07-19,0.016994555334931636,49,0.8137152033451842,Model4_plus_liquidity_industry_FE,future_2w_excess_return
2022-01-09,-0.008438272675260266,43,0.846069020422471,Model4_plus_liquidity_industry_FE,future_4w_excess_return
2022-01-16,0.01358405934691545,43,0.9087245472908948,Model4_plus_liquidity_industry_FE,future_4w_excess_return
2022-01-23,-0.008122798160664595,43,0.9492839416569285,Model4_plus_liquidity_industry_FE,future_4w_excess_return
2022-01-30,-0.020320799526402946,43,0.9115132085081458,Model4_plus_liquidity_industry_FE,future_4w_excess_return
2022-02-06,-0.004787839955515673,43,0.9057522906019534,Model4_plus_liquidity_industry_FE,future_4w_excess_return
2022-02-13,-0.00547473269894665,43,0.7978171460470765,Model4_plus_liquidity_industry_FE,future_4w_excess_return
2022-02-20,0.01106634361624299,44,0.8121792517053581,Model4_plus_liquidity_industry_FE,future_4w_excess_return
2022-02-27,0.01292059399942879,44,0.8217941069091755,Model4_plus_liquidity_industry_FE,future_4w_excess_return
2022-03-06,-0.009601537735668957,44,0.9428920033135243,Model4_plus_liquidity_industry_FE,future_4w_excess_return
2022-03-13,0.03375995952836141,44,0.9213906274317057,Model4_plus_liquidity_industry_FE,future_4w_excess_return
2022-03-20,-0.008408496457550412,44,0.9298236519517487,Model4_plus_liquidity_industry_FE,future_4w_excess_return
2022-03-27,0.012376264631193939,44,0.9373772263873353,Model4_plus_liquidity_industry_FE,future_4w_excess_return
2022-04-03,-0.012455561430131918,44,0.7932068626065216,Model4_plus_liquidity_industry_FE,future_4w_excess_return
2022-04-10,0.016122596283084628,44,0.9081042512955559,Model4_plus_liquidity_industry_FE,future_4w_excess_return
2022-04-17,0.004350380318237188,44,0.9038739609634485,Model4_plus_liquidity_industry_FE,future_4w_excess_return
2022-04-24,0.037776766029566124,44,0.943497070849542,Model4_plus_liquidity_industry_FE,future_4w_excess_return
2022-05-01,0.006932247555889878,44,0.915687093005084,Model4_plus_liquidity_industry_FE,future_4w_excess_return
2022-05-08,-0.011185649310776397,44,0.9320741494299761,Model4_plus_liquidity_industry_FE,future_4w_excess_return
2022-05-15,-0.03784248237919629,44,0.8879712058677529,Model4_plus_liquidity_industry_FE,future_4w_excess_return
2022-05-22,-0.005849706202478963,44,0.9357135634300967,Model4_plus_liquidity_industry_FE,future_4w_excess_return
2022-05-29,-0.009652907246549023,44,0.9113236691978593,Model4_plus_liquidity_industry_FE,future_4w_excess_return
2022-06-05,0.017868966811286913,44,0.9807397862818277,Model4_plus_liquidity_industry_FE,future_4w_excess_return
2022-06-12,-0.0023805793610915957,44,0.97474823405781,Model4_plus_liquidity_industry_FE,future_4w_excess_return
2022-06-19,-0.011942784664526675,44,0.966498833636958,Model4_plus_liquidity_industry_FE,future_4w_excess_return
2022-06-26,0.004142443230479317,44,0.9761877529504421,Model4_plus_liquidity_industry_FE,future_4w_excess_return
2022-07-03,0.044417185331690125,44,0.9690085413108157,Model4_plus_liquidity_industry_FE,future_4w_excess_return
2022-07-10,0.028220250123995604,44,0.936620796240701,Model4_plus_liquidity_industry_FE,future_4w_excess_return
2022-07-17,0.009533338686477372,46,0.9046957846051763,Model4_plus_liquidity_industry_FE,future_4w_excess_return
2022-07-24,0.006021723738761782,46,0.9262320893837006,Model4_plus_liquidity_industry_FE,future_4w_excess_return
2022-07-31,-0.008439217675983435,46,0.9605077474049031,Model4_plus_liquidity_industry_FE,future_4w_excess_return
2022-08-07,0.0004841388119241443,46,0.9650615004942582,Model4_plus_liquidity_industry_FE,future_4w_excess_return
2022-08-14,-0.029018479950951456,46,0.4498632097937898,Model4_plus_liquidity_industry_FE,future_4w_excess_return
2022-08-21,0.02014849632474435,46,0.558881138404967,Model4_plus_liquidity_industry_FE,future_4w_excess_return
2022-08-28,-0.07675508657540828,46,0.5491817873392821,Model4_plus_liquidity_industry_FE,future_4w_excess_return
2022-09-04,-0.09646708552134657,46,0.5468159271967914,Model4_plus_liquidity_industry_FE,future_4w_excess_return
2022-09-11,-0.014848997790738363,46,0.736116645580925,Model4_plus_liquidity_industry_FE,future_4w_excess_return
2022-09-18,0.045704350507557716,46,0.8554472609269002,Model4_plus_liquidity_industry_FE,future_4w_excess_return
2022-09-25,0.024585928954729566,46,0.8887736976265295,Model4_plus_liquidity_industry_FE,future_4w_excess_return
2022-10-02,-0.0007141955645190356,47,0.8829701580934146,Model4_plus_liquidity_industry_FE,future_4w_excess_return
2022-10-09,-0.011091725239145615,47,0.9329763204867949,Model4_plus_liquidity_industry_FE,future_4w_excess_return
2022-10-16,0.015316873754266488,47,0.9011395249636456,Model4_plus_liquidity_industry_FE,future_4w_excess_return
2022-10-23,0.013468866487752324,47,0.8883759867777972,Model4_plus_liquidity_industry_FE,future_4w_excess_return
2022-10-30,-0.01116175857226294,47,0.9440198288630858,Model4_plus_liquidity_industry_FE,future_4w_excess_return
2022-11-06,-0.06304832374792704,47,0.947469575847651,Model4_plus_liquidity_industry_FE,future_4w_excess_return
2022-11-13,-0.00913549788604284,47,0.8746424600384223,Model4_plus_liquidity_industry_FE,future_4w_excess_return
2022-11-20,-0.0038999400116676002,47,0.8463348814492554,Model4_plus_liquidity_industry_FE,future_4w_excess_return
2022-11-27,0.004482073916441017,47,0.8610690421901798,Model4_plus_liquidity_industry_FE,future_4w_excess_return
2022-12-04,0.006652983540433328,47,0.7534251084804604,Model4_plus_liquidity_industry_FE,future_4w_excess_return
2022-12-11,-0.010350844280293823,48,0.7279324034195921,Model4_plus_liquidity_industry_FE,future_4w_excess_return
2022-12-18,-0.00964075367302759,48,0.902830466665234,Model4_plus_liquidity_industry_FE,future_4w_excess_return
2022-12-25,-0.011681692917131507,47,0.9170517322595867,Model4_plus_liquidity_industry_FE,future_4w_excess_return
2023-01-01,-0.015522108662774235,47,0.8680288391695965,Model4_plus_liquidity_industry_FE,future_4w_excess_return
2023-01-08,0.022869798101351983,47,0.8751041133645433,Model4_plus_liquidity_industry_FE,future_4w_excess_return
2023-01-15,0.022700329407686407,47,0.8899551870457324,Model4_plus_liquidity_industry_FE,future_4w_excess_return
2023-01-22,0.015775211947392807,47,0.8868057092056003,Model4_plus_liquidity_industry_FE,future_4w_excess_return
2023-01-29,-0.009003665699840277,47,0.8780877724797863,Model4_plus_liquidity_industry_FE,future_4w_excess_return
2023-02-05,-0.013238219875478229,47,0.7893844408958246,Model4_plus_liquidity_industry_FE,future_4w_excess_return
2023-02-12,0.014979127597047228,47,0.8620793058053463,Model4_plus_liquidity_industry_FE,future_4w_excess_return
2023-02-19,-0.0037799648114128226,48,0.8897969513766304,Model4_plus_liquidity_industry_FE,future_4w_excess_return
2023-02-26,-0.011792545010884652,48,0.8552018357267714,Model4_plus_liquidity_industry_FE,future_4w_excess_return
2023-03-05,0.010340698563159487,48,0.8585470846810881,Model4_plus_liquidity_industry_FE,future_4w_excess_return
2023-03-12,0.04624890127622791,48,0.9333684259737807,Model4_plus_liquidity_industry_FE,future_4w_excess_return
2023-03-19,0.011569218513158378,48,0.7991219722032596,Model4_plus_liquidity_industry_FE,future_4w_excess_return
2023-03-26,0.00258978589576404,48,0.8563884882540979,Model4_plus_liquidity_industry_FE,future_4w_excess_return
2023-04-02,0.013746001628436012,48,0.8860621710371004,Model4_plus_liquidity_industry_FE,future_4w_excess_return
2023-04-09,0.023175061064725454,48,0.9437860437503274,Model4_plus_liquidity_industry_FE,future_4w_excess_return
2023-04-16,0.0430174988872384,48,0.8994049398339315,Model4_plus_liquidity_industry_FE,future_4w_excess_return
2023-04-23,0.04520008465865369,48,0.8834598226387513,Model4_plus_liquidity_industry_FE,future_4w_excess_return
2023-04-30,0.03600421770883224,48,0.8630163751741535,Model4_plus_liquidity_industry_FE,future_4w_excess_return
2023-05-07,0.05359081973203887,48,0.9109186103760222,Model4_plus_liquidity_industry_FE,future_4w_excess_return
2023-05-14,-0.014608855301754617,48,0.922126364356053,Model4_plus_liquidity_industry_FE,future_4w_excess_return
2023-05-21,0.011199402713311107,48,0.9693962267111863,Model4_plus_liquidity_industry_FE,future_4w_excess_return
2023-05-28,0.01820303216414716,48,0.9321497909486389,Model4_plus_liquidity_industry_FE,future_4w_excess_return
2023-06-04,0.014327284554541355,49,0.9731579413264364,Model4_plus_liquidity_industry_FE,future_4w_excess_return
2023-06-11,-0.013023572578239734,49,0.8737806121257327,Model4_plus_liquidity_industry_FE,future_4w_excess_return
2023-06-18,0.056254298491262,49,0.9214705655617851,Model4_plus_liquidity_industry_FE,future_4w_excess_return
2023-06-25,0.010375122063226872,49,0.9653870922333023,Model4_plus_liquidity_industry_FE,future_4w_excess_return
2023-07-02,0.04563117469015699,49,0.9573000142086626,Model4_plus_liquidity_industry_FE,future_4w_excess_return
2023-07-09,0.04683878821212261,49,0.9142207674335503,Model4_plus_liquidity_industry_FE,future_4w_excess_return
2023-07-16,0.020816883137391915,48,0.926346597361811,Model4_plus_liquidity_industry_FE,future_4w_excess_return
2023-07-23,0.008838740094005593,48,0.8305835476460041,Model4_plus_liquidity_industry_FE,future_4w_excess_return
2023-07-30,-0.002353591379327377,48,0.8918138431357473,Model4_plus_liquidity_industry_FE,future_4w_excess_return
2023-08-06,-0.01170182413320827,48,0.9324807498797635,Model4_plus_liquidity_industry_FE,future_4w_excess_return
2023-08-13,0.007799319583749504,48,0.9542766249424317,Model4_plus_liquidity_industry_FE,future_4w_excess_return
2023-08-20,0.0051508105687234395,48,0.9558657692798326,Model4_plus_liquidity_industry_FE,future_4w_excess_return
2023-08-27,-0.0002884059742681803,48,0.931007515009886,Model4_plus_liquidity_industry_FE,future_4w_excess_return
2023-09-03,-0.0047968028692642484,48,0.9282360230535471,Model4_plus_liquidity_industry_FE,future_4w_excess_return
2023-09-10,0.024432239995347126,48,0.9128901517228822,Model4_plus_liquidity_industry_FE,future_4w_excess_return
2023-09-17,-0.02479238831477948,48,0.8018007852765325,Model4_plus_liquidity_industry_FE,future_4w_excess_return
2023-09-24,0.010620633144141186,48,0.9293168837734499,Model4_plus_liquidity_industry_FE,future_4w_excess_return
2023-10-01,-0.006193695084145372,48,0.9306960522268565,Model4_plus_liquidity_industry_FE,future_4w_excess_return
2023-10-08,-0.017272073556582414,48,0.9248716063761261,Model4_plus_liquidity_industry_FE,future_4w_excess_return
2023-10-15,0.008039775192368578,47,0.7784628275834018,Model4_plus_liquidity_industry_FE,future_4w_excess_return
2023-10-22,-0.004066302726969743,47,0.8270137139020408,Model4_plus_liquidity_industry_FE,future_4w_excess_return
2023-10-29,-0.009831695331817408,47,0.9129270092000679,Model4_plus_liquidity_industry_FE,future_4w_excess_return
2023-11-05,-0.008816647801382395,47,0.8946576779141289,Model4_plus_liquidity_industry_FE,future_4w_excess_return
2023-11-12,0.04144917249435588,47,0.944423154388165,Model4_plus_liquidity_industry_FE,future_4w_excess_return
2023-11-19,0.029657380861274063,47,0.896422440823086,Model4_plus_liquidity_industry_FE,future_4w_excess_return
2023-11-26,0.009972589225208611,47,0.8813371714854294,Model4_plus_liquidity_industry_FE,future_4w_excess_return
2023-12-03,-0.004030994310037889,47,0.8459133398824288,Model4_plus_liquidity_industry_FE,future_4w_excess_return
2023-12-10,0.002098503830799702,47,0.8412086293846373,Model4_plus_liquidity_industry_FE,future_4w_excess_return
2023-12-17,0.009692796196263797,48,0.899202985917293,Model4_plus_liquidity_industry_FE,future_4w_excess_return
2023-12-24,-0.021728403308507817,48,0.9514077327811349,Model4_plus_liquidity_industry_FE,future_4w_excess_return
2023-12-31,-2.4584103893325604e-05,48,0.9331121201967607,Model4_plus_liquidity_industry_FE,future_4w_excess_return
2024-01-07,-0.011877789707510748,48,0.9438527571646016,Model4_plus_liquidity_industry_FE,future_4w_excess_return
2024-01-14,-0.006384037394349701,48,0.9555341292813841,Model4_plus_liquidity_industry_FE,future_4w_excess_return
2024-01-21,-0.011236146850460423,48,0.952005400299755,Model4_plus_liquidity_industry_FE,future_4w_excess_return
2024-01-28,0.006518483251109757,49,0.9747568416318986,Model4_plus_liquidity_industry_FE,future_4w_excess_return
2024-02-04,0.006152847578886706,49,0.9329666050917808,Model4_plus_liquidity_industry_FE,future_4w_excess_return
2024-02-11,-0.03371833946472596,49,0.9610817662389126,Model4_plus_liquidity_industry_FE,future_4w_excess_return
2024-02-18,0.03815456127004455,49,0.9461391900617788,Model4_plus_liquidity_industry_FE,future_4w_excess_return
2024-02-25,0.007219800877788441,49,0.9462879014050477,Model4_plus_liquidity_industry_FE,future_4w_excess_return
2024-03-03,-0.006464161453266061,49,0.9364261537070737,Model4_plus_liquidity_industry_FE,future_4w_excess_return
2024-03-10,0.008426263494261323,49,0.9526550419416097,Model4_plus_liquidity_industry_FE,future_4w_excess_return
2024-03-17,0.0030714169723548446,49,0.8727031227177546,Model4_plus_liquidity_industry_FE,future_4w_excess_return
2024-03-24,-0.024371248994227396,49,0.969568584163099,Model4_plus_liquidity_industry_FE,future_4w_excess_return
2024-03-31,-0.012900027433472622,49,0.8383495663955096,Model4_plus_liquidity_industry_FE,future_4w_excess_return
2024-04-07,-0.0187976100256337,49,0.927439782714788,Model4_plus_liquidity_industry_FE,future_4w_excess_return
2024-04-14,-0.07700414716640827,49,0.9355099586912317,Model4_plus_liquidity_industry_FE,future_4w_excess_return
2024-04-21,0.01922766761202237,49,0.8689615543623802,Model4_plus_liquidity_industry_FE,future_4w_excess_return
2024-04-28,0.032816655082816074,49,0.8777494467489741,Model4_plus_liquidity_industry_FE,future_4w_excess_return
2024-05-05,0.014152090502359937,49,0.8367748150574532,Model4_plus_liquidity_industry_FE,future_4w_excess_return
2024-05-12,0.009522478856196873,49,0.8221484454639081,Model4_plus_liquidity_industry_FE,future_4w_excess_return
2024-05-19,0.02215103793637758,49,0.8470970017365952,Model4_plus_liquidity_industry_FE,future_4w_excess_return
2024-05-26,0.020699354324966793,48,0.9370531688619723,Model4_plus_liquidity_industry_FE,future_4w_excess_return
2024-06-02,-0.007668245393795186,48,0.9038420165832729,Model4_plus_liquidity_industry_FE,future_4w_excess_return
2024-06-09,-0.007337063379205805,48,0.8667164264450697,Model4_plus_liquidity_industry_FE,future_4w_excess_return
2024-06-16,-0.0105298666205088,48,0.8684037520875556,Model4_plus_liquidity_industry_FE,future_4w_excess_return
2024-06-23,-0.02203219940637101,49,0.9047972520756447,Model4_plus_liquidity_industry_FE,future_4w_excess_return
2024-06-30,-0.00020239014528557935,49,0.8947907916599254,Model4_plus_liquidity_industry_FE,future_4w_excess_return
2024-07-07,-0.00121131797057862,49,0.8708599537930096,Model4_plus_liquidity_industry_FE,future_4w_excess_return
2024-07-14,0.004493413169645485,49,0.8665773984228752,Model4_plus_liquidity_industry_FE,future_4w_excess_return
2024-07-21,0.008839280050219526,48,0.8397599252082004,Model4_plus_liquidity_industry_FE,future_4w_excess_return
2024-07-28,0.0011252110044093237,49,0.7874675252936907,Model4_plus_liquidity_industry_FE,future_4w_excess_return
2024-08-04,0.005684863887094669,49,0.8648708020371962,Model4_plus_liquidity_industry_FE,future_4w_excess_return
2024-08-11,-0.004081611447056659,49,0.9071776035901202,Model4_plus_liquidity_industry_FE,future_4w_excess_return
2024-08-18,-0.004744955481189308,50,0.9033075678162668,Model4_plus_liquidity_industry_FE,future_4w_excess_return
2024-08-25,-0.0036122804659925673,50,0.8940839925027644,Model4_plus_liquidity_industry_FE,future_4w_excess_return
2024-09-01,0.0036858530884815097,50,0.9294176451563128,Model4_plus_liquidity_industry_FE,future_4w_excess_return
2024-09-08,-0.004633502587607651,50,0.9138608454544617,Model4_plus_liquidity_industry_FE,future_4w_excess_return
2024-09-15,0.005258233298742508,50,0.9403655285374617,Model4_plus_liquidity_industry_FE,future_4w_excess_return
2024-09-22,-0.0083780770538124,49,0.9273471032287154,Model4_plus_liquidity_industry_FE,future_4w_excess_return
2024-09-29,-0.0012741629478498061,49,0.9204474001629553,Model4_plus_liquidity_industry_FE,future_4w_excess_return
2024-10-06,-0.024432818422179637,49,0.9243565997671743,Model4_plus_liquidity_industry_FE,future_4w_excess_return
2024-10-13,-0.05489814115225046,49,0.9238658148738135,Model4_plus_liquidity_industry_FE,future_4w_excess_return
2024-10-20,-0.0183924601587851,49,0.9137229562006977,Model4_plus_liquidity_industry_FE,future_4w_excess_return
2024-10-27,0.008467949946931431,49,0.9511965618047507,Model4_plus_liquidity_industry_FE,future_4w_excess_return
2024-11-03,-0.012342193441308668,49,0.9408766513901418,Model4_plus_liquidity_industry_FE,future_4w_excess_return
2024-11-10,0.04652260440006333,49,0.8611867640458128,Model4_plus_liquidity_industry_FE,future_4w_excess_return
2024-11-17,-0.0649736303026289,49,0.8559363164607847,Model4_plus_liquidity_industry_FE,future_4w_excess_return
2024-11-24,0.0036002336919390924,49,0.8805232751999228,Model4_plus_liquidity_industry_FE,future_4w_excess_return
2024-12-01,-0.013489252728008098,49,0.9022462501859007,Model4_plus_liquidity_industry_FE,future_4w_excess_return
2024-12-08,-0.02172168909108611,49,0.9325945133543662,Model4_plus_liquidity_industry_FE,future_4w_excess_return
2024-12-15,-0.016980676650918274,49,0.8939370190668201,Model4_plus_liquidity_industry_FE,future_4w_excess_return
2024-12-22,0.003411363179347416,49,0.8519397434595067,Model4_plus_liquidity_industry_FE,future_4w_excess_return
2024-12-29,-0.017314643532537886,49,0.9059413360696357,Model4_plus_liquidity_industry_FE,future_4w_excess_return
2025-01-05,-0.004417000202074819,49,0.9361752475526914,Model4_plus_liquidity_industry_FE,future_4w_excess_return
2025-01-12,0.025616025232889514,49,0.8865203309941303,Model4_plus_liquidity_industry_FE,future_4w_excess_return
2025-01-19,-0.01838675325038419,49,0.8436440356169278,Model4_plus_liquidity_industry_FE,future_4w_excess_return
2025-01-26,0.00881459889998829,49,0.9301021643457119,Model4_plus_liquidity_industry_FE,future_4w_excess_return
2025-02-02,-0.007084745847321614,49,0.9300421242665913,Model4_plus_liquidity_industry_FE,future_4w_excess_return
2025-02-09,-0.01564426429123064,49,0.9145247122394076,Model4_plus_liquidity_industry_FE,future_4w_excess_return
2025-02-16,-0.03763740158052868,49,0.9037648003685026,Model4_plus_liquidity_industry_FE,future_4w_excess_return
2025-02-23,0.011044401931077478,49,0.9092463229995296,Model4_plus_liquidity_industry_FE,future_4w_excess_return
2025-03-02,0.0065107360616256,49,0.8325805547787783,Model4_plus_liquidity_industry_FE,future_4w_excess_return
2025-03-09,0.009406161002081262,49,0.9087870571937343,Model4_plus_liquidity_industry_FE,future_4w_excess_return
2025-03-16,0.012800870584106257,49,0.8552614273445187,Model4_plus_liquidity_industry_FE,future_4w_excess_return
2025-03-23,0.0009965831992874968,49,0.7970775358643989,Model4_plus_liquidity_industry_FE,future_4w_excess_return
2025-03-30,-0.030018767177278638,49,0.9086988462296296,Model4_plus_liquidity_industry_FE,future_4w_excess_return
2025-04-06,-0.042716582685709485,49,0.9088948688953367,Model4_plus_liquidity_industry_FE,future_4w_excess_return
2025-04-13,0.013393479427157476,49,0.9210275935972639,Model4_plus_liquidity_industry_FE,future_4w_excess_return
2025-04-20,0.0003803303951939174,48,0.9371651188732888,Model4_plus_liquidity_industry_FE,future_4w_excess_return
2025-04-27,-0.011005441805499595,48,0.8864084694816752,Model4_plus_liquidity_industry_FE,future_4w_excess_return
2025-05-04,0.011131633379396733,48,0.9459117624207471,Model4_plus_liquidity_industry_FE,future_4w_excess_return
2025-05-11,-0.004930487682509296,48,0.8651471412090612,Model4_plus_liquidity_industry_FE,future_4w_excess_return
2025-05-18,-0.0073303011551826445,49,0.8835356883109927,Model4_plus_liquidity_industry_FE,future_4w_excess_return
2025-05-25,0.027610648704302267,49,0.9338666426923359,Model4_plus_liquidity_industry_FE,future_4w_excess_return
2025-06-01,-0.012281015634031056,49,0.924781159300052,Model4_plus_liquidity_industry_FE,future_4w_excess_return
2025-06-08,-0.026055326429953517,49,0.9602755656512536,Model4_plus_liquidity_industry_FE,future_4w_excess_return
2025-06-15,0.004316893066934089,49,0.9370083034153199,Model4_plus_liquidity_industry_FE,future_4w_excess_return
2025-06-22,0.007414918245334625,49,0.9639415929343451,Model4_plus_liquidity_industry_FE,future_4w_excess_return
2025-06-29,0.004553183926532938,49,0.9366876103040833,Model4_plus_liquidity_industry_FE,future_4w_excess_return
2025-07-06,0.012917971635011849,48,0.9274479199931572,Model4_plus_liquidity_industry_FE,future_4w_excess_return
2025-07-13,0.0459672350192716,48,0.8977689777061589,Model4_plus_liquidity_industry_FE,future_4w_excess_return
2025-07-20,0.0447918741048024,49,0.9044220697016179,Model4_plus_liquidity_industry_FE,future_4w_excess_return
2025-07-27,0.036629079528826526,49,0.9497530264422477,Model4_plus_liquidity_industry_FE,future_4w_excess_return
2025-08-03,0.009961601412763737,49,0.9583494780578685,Model4_plus_liquidity_industry_FE,future_4w_excess_return
2025-08-10,-0.010588125044521276,49,0.9695979373949785,Model4_plus_liquidity_industry_FE,future_4w_excess_return
2025-08-17,-0.00260372151043994,49,0.9196220327980823,Model4_plus_liquidity_industry_FE,future_4w_excess_return
2025-08-24,0.012577275878146544,49,0.9054305925178695,Model4_plus_liquidity_industry_FE,future_4w_excess_return
2025-08-31,-0.01500246490107691,49,0.9206913225074329,Model4_plus_liquidity_industry_FE,future_4w_excess_return
2025-09-07,0.02614905627029697,49,0.9444668645161984,Model4_plus_liquidity_industry_FE,future_4w_excess_return
2025-09-14,0.03507002881781396,49,0.9487485039386186,Model4_plus_liquidity_industry_FE,future_4w_excess_return
2025-09-21,-0.0005851081915330529,49,0.9281640878516197,Model4_plus_liquidity_industry_FE,future_4w_excess_return
2025-09-28,-0.0609253064119909,49,0.9851361528420118,Model4_plus_liquidity_industry_FE,future_4w_excess_return
2025-10-05,-0.005981524585136435,49,0.9025139283822247,Model4_plus_liquidity_industry_FE,future_4w_excess_return
2025-10-12,-0.06118755500650312,49,0.9773403250917893,Model4_plus_liquidity_industry_FE,future_4w_excess_return
2025-10-19,0.01967975249636301,49,0.937319603936479,Model4_plus_liquidity_industry_FE,future_4w_excess_return
2025-10-26,-0.015558317317566728,49,0.773872340652177,Model4_plus_liquidity_industry_FE,future_4w_excess_return
2025-11-02,-0.014071058418891055,49,0.9005240459204545,Model4_plus_liquidity_industry_FE,future_4w_excess_return
2025-11-09,-0.10483266716202486,49,0.8752933880866965,Model4_plus_liquidity_industry_FE,future_4w_excess_return
2025-11-16,-0.02661716081112906,49,0.8391455818404693,Model4_plus_liquidity_industry_FE,future_4w_excess_return
2025-11-23,0.0001894510768406612,49,0.8673346256462471,Model4_plus_liquidity_industry_FE,future_4w_excess_return
2025-11-30,-0.004915682741340494,49,0.9338430998471093,Model4_plus_liquidity_industry_FE,future_4w_excess_return
2025-12-07,-0.0036621281583880255,49,0.9522873187375646,Model4_plus_liquidity_industry_FE,future_4w_excess_return
2025-12-14,-0.023473684748151622,49,0.9789817467278351,Model4_plus_liquidity_industry_FE,future_4w_excess_return
2025-12-21,-0.045441395156320535,49,0.9451939485138019,Model4_plus_liquidity_industry_FE,future_4w_excess_return
2025-12-28,0.03026195083289482,49,0.8706066965319316,Model4_plus_liquidity_industry_FE,future_4w_excess_return
2026-01-04,0.0764017189425579,49,0.862842959177492,Model4_plus_liquidity_industry_FE,future_4w_excess_return
2026-01-11,-0.030132413153608,49,0.836167559396044,Model4_plus_liquidity_industry_FE,future_4w_excess_return
2026-01-18,0.041736222958813254,49,0.9013839405944357,Model4_plus_liquidity_industry_FE,future_4w_excess_return
2026-01-25,0.029114395771836173,49,0.8760366058591004,Model4_plus_liquidity_industry_FE,future_4w_excess_return
2026-02-01,-0.021819092166385102,49,0.9540120038381958,Model4_plus_liquidity_industry_FE,future_4w_excess_return
2026-02-08,-0.005871277343937447,49,0.8913962727772758,Model4_plus_liquidity_industry_FE,future_4w_excess_return
2026-02-15,0.006148524731994473,49,0.8833871329989494,Model4_plus_liquidity_industry_FE,future_4w_excess_return
2026-02-22,-0.0023553451867512343,49,0.8832104146239158,Model4_plus_liquidity_industry_FE,future_4w_excess_return
2026-03-01,0.004236215654460334,49,0.8828564529740613,Model4_plus_liquidity_industry_FE,future_4w_excess_return
2026-03-08,0.0018554543157398695,49,0.9202374559086932,Model4_plus_liquidity_industry_FE,future_4w_excess_return
2026-03-15,0.0044444508718988265,49,0.9478633334750414,Model4_plus_liquidity_industry_FE,future_4w_excess_return
2026-03-22,0.00895729729328825,49,0.9650196050259696,Model4_plus_liquidity_industry_FE,future_4w_excess_return
2026-03-29,0.03982651430705801,49,0.9518718962471355,Model4_plus_liquidity_industry_FE,future_4w_excess_return
2026-04-05,0.012385767363999847,49,0.854253302989879,Model4_plus_liquidity_industry_FE,future_4w_excess_return
2026-04-12,0.15356242733248204,49,0.8649605050017957,Model4_plus_liquidity_industry_FE,future_4w_excess_return
2026-04-19,0.08417773288549547,49,0.9156918297544959,Model4_plus_liquidity_industry_FE,future_4w_excess_return
2026-04-26,0.018413221991018233,50,0.9587542682442772,Model4_plus_liquidity_industry_FE,future_4w_excess_return
2026-05-03,-0.011900945447329631,50,0.9000718563557436,Model4_plus_liquidity_industry_FE,future_4w_excess_return
2026-05-10,-0.020692372076469283,50,0.8729489793566054,Model4_plus_liquidity_industry_FE,future_4w_excess_return
2026-05-17,-0.054487453630696236,49,0.8955790869305855,Model4_plus_liquidity_industry_FE,future_4w_excess_return
2026-05-24,-0.10572024262505687,49,0.9251324754746206,Model4_plus_liquidity_industry_FE,future_4w_excess_return
2026-05-31,-0.08098798092245361,49,0.8913824638946864,Model4_plus_liquidity_industry_FE,future_4w_excess_return
2026-06-07,-0.04325695409947283,49,0.9143920613232732,Model4_plus_liquidity_industry_FE,future_4w_excess_return
2026-06-14,0.045667784376652316,49,0.8495938013428387,Model4_plus_liquidity_industry_FE,future_4w_excess_return
2026-06-21,-0.0334907468241809,50,0.9539296243577144,Model4_plus_liquidity_industry_FE,future_4w_excess_return
2026-06-28,0.010257850833632688,50,0.8532493080524989,Model4_plus_liquidity_industry_FE,future_4w_excess_return
2026-07-05,0.023962557957237507,50,0.8184350490788198,Model4_plus_liquidity_industry_FE,future_4w_excess_return
2026-07-12,0.05170716761230798,50,0.8596901343613229,Model4_plus_liquidity_industry_FE,future_4w_excess_return
2026-07-19,0.041037887113721326,49,0.9146851561218146,Model4_plus_liquidity_industry_FE,future_4w_excess_return
